Bus,frequency,operator,osm_name,ref,typ,v_nom,voltage,wkt_srid_4326,x,y,type,carrier,unit,v_mag_pu_set,v_mag_pu_min,v_mag_pu_max,control,generator,sub_network
1,50,TenneT;EON_Netz,Hannover/West,,substation,220,220000;110000,SRID=4326;POINT(9.52257596986262 52.3604090557601),9.52257597,52.36040906,,AC,,1,0,inf,Slack,1 Gas,0
2,50,TenneT,Umspannwerk Kraftwerk Robert Frank,,substation,380,220000,SRID=4326;POINT(9.11321007472722 52.5438533223737),9.113210075,52.54385332,,AC,,1,0,inf,PQ,,0
3,50,TenneT,UW Grohnde 380 kV / 110 kV,,substation,380,380000;110000,SRID=4326;POINT(9.38974509624863 52.0263130660355),9.389745096,52.02631307,,AC,,1,0,inf,PQ,,0
4,50,TenneT TSO GmbH,Landesbergen,,substation,380,380000;220000,SRID=4326;POINT(9.12526570294975 52.5382640870749),9.125265703,52.53826409,,AC,,1,0,inf,PQ,,0
5,50,TenneT,Wahle,,substation,380,380000;220000,SRID=4326;POINT(10.3662749375017 52.2846467462009),10.36627494,52.28464675,,AC,,1,0,inf,PQ,,0
6,50,TenneT_TSO,TenneT TSO GmbH - Betriebszentrum Lehrte,,substation,220,220000;110000,SRID=4326;POINT(9.91814864613865 52.3799963125719),9.918148646,52.37999631,,AC,,1,0,inf,PQ,,0
7,50,TenneT,Algermissen,,substation,380,380000;110000,SRID=4326;POINT(9.91717971972185 52.2781686139394),9.91717972,52.27816861,,AC,,1,0,inf,PQ,,0
8,,50Hertz,Krümmel,,substation,380,380000;110000,SRID=4326;POINT(10.4149923381504 53.4126068830249),10.41499234,53.41260688,,AC,,1,0,inf,PQ,,0
9,50,EON_Netz,Lüneburg,LUEN,substation,380,380000;110000,SRID=4326;POINT(10.3787705903765 53.2197927685849),10.37877059,53.21979277,,AC,,1,0,inf,PQ,,0
10,,50Hertz Transmission GmbH;E.ON edis AG,Wustermark,Wu,substation,380,380000;220000;110000,SRID=4326;POINT(12.9416466019288 52.5621144045848),12.9416466,52.5621144,,AC,,1,0,inf,PQ,,0
11,50,50Hertz Transmission,Hennigsdorf,,substation,220,220000,SRID=4326;POINT(13.2061029867985 52.6571362773373),13.20610299,52.65713628,,AC,,1,0,inf,PQ,,0
12,50,50Hertz Transmission GmbH,Neuenhagen,NHG TCC,substation,380,380000;220000;110000,SRID=4326;POINT(13.7096697058228 52.5397952580643),13.70966971,52.53979526,,AC,,1,0,inf,PQ,,0
13,,TenneT TSO GmbH;E.ON Netz GmbH,Umspannwerk Oberbachern,OBA,substation,380,380000;220000;110000,SRID=4326;POINT(11.3704262486892 48.2914922329548),11.37042625,48.29149223,,AC,,1,0,inf,PQ,,0
14,,"TenneT TSO GmbH, E.ON Netz GmbH",Umspannwerk Neufinsing,NFI,substation,220,220000;110000,SRID=4326;POINT(11.8132328973194 48.2212664654998),11.8132329,48.22126647,,AC,,1,0,inf,PQ,,0
15,50,TenneT TSO GmbH,Umspannwerk Ottenhofen,OH,substation,380,380000;220000,SRID=4326;POINT(11.8681562938884 48.2068029185353),11.86815629,48.20680292,,AC,,1,0,inf,PQ,,0
16,50,EON_Netz,Umspannwerk Hattorf,,substation,380,380000,SRID=4326;POINT(10.7610403785613 52.3677293804096),10.76104038,52.36772938,,AC,,1,0,inf,PQ,,0
17,50,50Hertz;Stromnetz Berlin,Umspannwerk Malchow,MOW,substation,380,380000;110000,SRID=4326;POINT(13.4947633747219 52.5897644435618),13.49476337,52.58976444,,AC,,1,0,inf,PQ,,0
18,,50Hertz,Umspannwerk Lubmin,,substation,380,380000;220000,SRID=4326;POINT(13.6834769666546 54.1390906406635),13.68347697,54.13909064,,AC,,1,0,inf,PQ,,0
19,,"TenneT TSO GmbH, E.ON Netz GmbH",Umspannwerk Oberbrunn,OBR,substation,220,220000;110000,SRID=4326;POINT(11.2939727001158 48.0520427719624),11.2939727,48.05204277,,AC,,1,0,inf,PQ,,0
20,50,50Hertz Transmission,Umspannwerk Hamburg-Nord,,substation,380,380000;220000;110000,SRID=4326;POINT(9.98460982000897 53.7411287759659),9.98460982,53.74112878,,AC,,1,0,inf,PQ,,0
21,50,50Hertz Transmission;Stromnetz Hamburg GmbH,Umspannwerk Hamburg/Ost,,substation,380,380000;110000,SRID=4326;POINT(10.1575015165126 53.5551316685834),10.15750152,53.55513167,,AC,,1,0,inf,PQ,,0
22,50,50Hertz Transmission,Umspannwerk Kernkraftwerk Brunsbüttel,,substation,380,380000;220000;110000,SRID=4326;POINT(9.20210420095253 53.8951574100045),9.202104201,53.89515741,,AC,,1,0,inf,PQ,,0
23,50,TenneT;Schleswig-Holstein Netz AG,Hamburg Nord,,substation,220,220000;110000,SRID=4326;POINT(9.98853660865951 53.766277668594),9.988536609,53.76627767,,AC,,1,0,inf,PQ,,0
24,50,TenneT;Schleswig-Holstein Netz AG,Audorf,,substation,380,220000;110000,SRID=4326;POINT(9.72699196993402 54.2914209867842),9.72699197,54.29142099,,AC,,1,0,inf,PQ,,0
25,50,TenneT,Umspannwerk Wilster,,substation,380,380000,SRID=4326;POINT(9.34476098807139 53.9218370583068),9.344760988,53.92183706,,AC,,1,0,inf,PQ,,0
26,,,Brokdorf,,substation,380,380000;220000,SRID=4326;POINT(9.34400177215961 53.8517774635399),9.344001772,53.85177746,,AC,,1,0,inf,PQ,,0
27,50,,Stade,,substation,220,220000;110000,SRID=4326;POINT(9.52960512906833 53.6189906941937),9.529605129,53.61899069,,AC,,1,0,inf,PQ,,0
28,50,TenneT,Kummerfeld,,substation,220,220000;110000,SRID=4326;POINT(9.77654483874895 53.6906352606291),9.776544839,53.69063526,,AC,,1,0,inf,PQ,,0
29,50,TenneT,Stadorf,,substation,380,380000,SRID=4326;POINT(10.3821666628198 52.9932540372914),10.38216666,52.99325404,,AC,,1,0,inf,PQ,,0
30,50,,Dollern,,substation,380,380000;220000;110000,SRID=4326;POINT(9.5017896678173 53.5428143723363),9.501789668,53.54281437,,AC,,1,0,inf,PQ,,0
31,50,EON_Netz,Mecklar,,substation,380,380000;110000,SRID=4326;POINT(9.74615081640288 50.9168399490798),9.746150816,50.91683995,,AC,,1,0,inf,PQ,,0
32,50,50Hertz Transmission GmbH,Umspannwerk Vieselbach,,substation,380,380000;220000;110000,SRID=4326;POINT(11.1228545605428 50.9989090670144),11.12285456,50.99890907,,AC,,1,0,inf,PQ,,0
33,50,50Hertz,Eisenach,,substation,380,380000;110000,SRID=4326;POINT(10.3859411643633 51.0018133014781),10.38594116,51.0018133,,AC,,1,0,inf,PQ,,0
34,50,TenneT,Umspannwerk Maade,MAAD,substation,220,380000;220000,SRID=4326;POINT(8.12264230304551 53.5605160490331),8.122642303,53.56051605,,AC,,1,0,inf,PQ,,0
35,50,TenneT;EON_Netz,Voslapp,VOSL,substation,220,220000;110000,SRID=4326;POINT(8.08565059715704 53.605834192587),8.085650597,53.60583419,,AC,,1,0,inf,PQ,,0
36,50,TenneT,Inhausen,INHA,substation,220,220000;155000,SRID=4326;POINT(8.06005695814032 53.6202025750861),8.060056958,53.62020258,,AC,,1,0,inf,PQ,,0
37,,50Hertz Transmission GmbH,Umspannwerk Wolmirstedt,,substation,380,380000;220000,SRID=4326;POINT(11.6389127631156 52.2687346818467),11.63891276,52.26873468,,AC,,1,0,inf,PQ,,0
38,50,Vattenfall_Europe_Transmission,Umspannwerk Teufelsbruch,,substation,380,380000;110000,SRID=4326;POINT(13.2115276454389 52.5806278102291),13.21152765,52.58062781,,AC,,1,0,inf,PQ,,0
39,50,50Hertz Transmission GmbH,Stendal/West,StW,substation,380,380000;110000,SRID=4326;POINT(11.7273534150745 52.5689469938591),11.72735342,52.56894699,,AC,,1,0,inf,PQ,,0
40,50,50Hertz Transmission GmbH,Siedenbrünzow,,substation,380,380000;110000,SRID=4326;POINT(13.1433929102518 53.9081469774219),13.14339291,53.90814698,,AC,,1,0,inf,PQ,,0
41,,50Hertz;EON_Avacon,Umspannwerk Perleberg,,substation,380,380000;110000,SRID=4326;POINT(11.8531057080136 53.0865444750041),11.85310571,53.08654448,,AC,,1,0,inf,PQ,,0
42,50,50Hertz,Güstrow,,substation,380,380000;220000,SRID=4326;POINT(12.1869848227216 53.8157751724384),12.18698482,53.81577517,,AC,,1,0,inf,PQ,,0
43,,50Hertz Transmission GmbH,Brandenburg-West,,substation,220,220000;110000,SRID=4326;POINT(12.4993659669539 52.4052284251973),12.49936597,52.40522843,,AC,,1,0,inf,PQ,,0
44,50,50Hertz;Vattenfall Europe AG,Umspannwerk Wuhlheide,,substation,220,220000;110000,SRID=4326;POINT(13.5061534469385 52.473822309174),13.50615345,52.47382231,,AC,,1,0,inf,PQ,,0
45,50,50Hertz Transmission GmbH,Thyrow,,substation,220,380000;220000;110000,SRID=4326;POINT(13.3057532949594 52.2307818451873),13.3057533,52.23078185,,AC,,1,0,inf,PQ,,0
46,50,50Hertz,Umspannwerk Marzahn,MZA9,substation,380,380000;220000;110000,SRID=4326;POINT(13.5241987309997 52.5356342713481),13.52419873,52.53563427,,AC,,1,0,inf,PQ,,0
47,50,Vattenfall Europe AG;50Hertz,Umspannwerk Friedrichshain,,substation,380,380000;110000,SRID=4326;POINT(13.4564306927748 52.5214517451981),13.45643069,52.52145175,,AC,,1,0,inf,PQ,,0
48,50,Stromnetz Berlin,Umspannwerk Biesdorf Nord,BIN,substation,380,110000,SRID=4326;POINT(13.5370442127043 52.5374565238016),13.53704421,52.53745652,,AC,,1,0,inf,PQ,,0
49,,TenneT TSO GmbH,Umspannwerk Helmstedt,,substation,380,380000;110000,SRID=4326;POINT(10.99933301239 52.2001419745622),10.99933301,52.20014197,,AC,,1,0,inf,PQ,,0
50,,E.ON Kraftwerke GmbH,Kraftwerk Buschhaus,,plant,380,,SRID=4326;POINT(10.9772332275028 52.1694333176707),10.97723323,52.16943332,,AC,,1,0,inf,PQ,,0
51,50,TenneT,Umspannwerk Borken,,substation,380,380000;110000,SRID=4326;POINT(9.25938382024592 51.0603668474477),9.25938382,51.06036685,,AC,,1,0,inf,PQ,,0
52,50,EnBW,Karlsruhe-Daxlanden,,substation,380,380000;220000;110000,SRID=4326;POINT(8.3133401659254 49.0090434643525),8.313340166,49.00904346,,AC,,1,0,inf,PQ,,0
53,50,EnBW,380-kV-Umspannwerk Eichstetten,,substation,380,380000;220000;110000,SRID=4326;POINT(7.75349546540486 48.0993557006259),7.753495465,48.0993557,,AC,,1,0,inf,PQ,,0
54,,EnBW Kernkraft GmbH,Kernkraftwerk Philippsburg,,plant,380,,SRID=4326;POINT(8.43846751211921 49.2524597288652),8.438467512,49.25245973,,AC,,1,0,inf,PQ,,0
55,50,EnBW,Umspannwerk Altlußheim,,substation,220,220000;110000,SRID=4326;POINT(8.51211132935593 49.293965649573),8.512111329,49.29396565,,AC,,1,0,inf,PQ,,0
56,50,EnBW,Umspannwerk Neurott,,substation,380,380000;220000,SRID=4326;POINT(8.62320967451897 49.3565822492832),8.623209675,49.35658225,,AC,,1,0,inf,PQ,,0
57,50,,Umspannwerk Oberwald,,substation,220,220000;110000,SRID=4326;POINT(8.44554248929306 48.9860881753906),8.445542489,48.98608818,,AC,,1,0,inf,PQ,,0
58,50,EnBW,220 kV-Umspannwerk Birkenfeld,,substation,220,220000;110000,SRID=4326;POINT(8.64158406338239 48.8900524832355),8.641584063,48.89005248,,AC,,1,0,inf,PQ,,0
59,50,TenneT;EON_Netz;EWE,Ganderkesee,GANK,substation,380,380000;110000,SRID=4326;POINT(8.56374399744213 53.0317215835514),8.563743997,53.03172158,,AC,,1,0,inf,PQ,,0
60,50,EON_Netz,Unterweser,UWES,substation,380,380000;220000;110000,SRID=4326;POINT(8.47470704898602 53.4286511943138),8.474707049,53.42865119,,AC,,1,0,inf,PQ,,0
61,50,Avacon AG,Umspannwerk Farge,FARG,substation,380,110000,SRID=4326;POINT(8.51888180951659 53.2026352836834),8.51888181,53.20263528,,AC,,1,0,inf,PQ,,0
62,50,swb Netze GmbH & Co. KG,Umspannwerk Blockland,,substation,220,220000;110000,SRID=4326;POINT(8.82002487241632 53.1073882918815),8.820024872,53.10738829,,AC,,1,0,inf,PQ,,0
63,50,EnBW,Bühl,,substation,220,220000;110000,SRID=4326;POINT(8.12076909802284 48.7048354259965),8.120769098,48.70483543,,AC,,1,0,inf,PQ,,0
64,,Stadtwerke München,Hauptumspannwerk Menzing,MZ,substation,380,380000;110000,SRID=4326;POINT(11.4407746483177 48.1718035473026),11.44077465,48.17180355,,AC,,1,0,inf,PQ,,0
65,,ČEPS,Hradec,,substation,380,400000;220000,SRID=4326;POINT(13.3264049984725 50.3463721850552),13.326405,50.34637219,,AC,,1,0,inf,PQ,,0
66,50,Tennet;EON_Netz,Umspannwerk Etzenricht,ETZ,substation,380,380000;220000;110000,SRID=4326;POINT(12.1147644054101 49.6311550521523),12.11476441,49.63115505,,AC,,1,0,inf,PQ,,0
67,50,Wesernetz,Niedervieland,NVLD,substation,380,380000;110000,SRID=4326;POINT(8.69516075602312 53.0925360847799),8.695160756,53.09253608,,AC,,1,0,inf,PQ,,0
68,,RWE,Umspannwerk Urberach,,substation,380,380000;220000;110000,SRID=4326;POINT(8.77244296019056 49.974668665137),8.77244296,49.97466867,,AC,,1,0,inf,PQ,,0
69,50,RWE,Station Bürstadt,,substation,380,380000;220000,SRID=4326;POINT(8.41937105938048 49.6337356823792),8.419371059,49.63373568,,AC,,1,0,inf,PQ,,0
70,,RWE; Kraftwerke Mainz-Wiesbaden,Umspannstation Bischofsheim,,substation,380,380000;110000,SRID=4326;POINT(8.38855636787547 49.9823050841271),8.388556368,49.98230508,,AC,,1,0,inf,PQ,,0
71,50,50Hertz,Umspannwerk Marke,,substation,380,380000;110000,SRID=4326;POINT(12.2621734868101 51.7410202755519),12.26217349,51.74102028,,AC,,1,0,inf,PQ,,0
72,50,50Hertz;enviaM,Umspannwerk Lauchstädt,,substation,380,380000;110000,SRID=4326;POINT(11.8942661378135 51.4057031412478),11.89426614,51.40570314,,AC,,1,0,inf,PQ,,0
73,50,50Hertz,Umspannwerk Schönewalde,,substation,380,380000,SRID=4326;POINT(13.1570904871893 51.8284516615019),13.15709049,51.82845166,,AC,,1,0,inf,PQ,,0
74,50,50Hertz,Umspannwerk Ragow,RAG,substation,380,380000;110000,SRID=4326;POINT(13.9024346886892 51.8747235190459),13.90243469,51.87472352,,AC,,1,0,inf,PQ,,0
75,50,50Hertz,Umspannwerk Klostermansfeld,,substation,380,380000;110000,SRID=4326;POINT(11.5165549672107 51.5843592098734),11.51655497,51.58435921,,AC,,1,0,inf,PQ,,0
76,,TenneT,Umspannwerk Elsen,,substation,380,380000;110000,SRID=4326;POINT(8.70221844882815 51.7363525828065),8.702218449,51.73635258,,AC,,1,0,inf,PQ,,0
77,50,Eon_Netz,Umspannwerk Twistetal,,substation,380,380000;110000,SRID=4326;POINT(8.99279240395088 51.343009397907),8.992792404,51.3430094,,AC,,1,0,inf,PQ,,0
78,50,50Hertz Transmission GmbH,Umspannwerk Remptendorf,RDF;RE,substation,380,380000;220000;110000,SRID=4326;POINT(11.6463786274424 50.534876971042),11.64637863,50.53487697,,AC,,1,0,inf,PQ,,0
79,50,50Hertz_Transmission;enviaM,Graustein,GRS,substation,380,380000;110000,SRID=4326;POINT(14.4719654742998 51.5538127185923),14.47196547,51.55381272,,AC,,1,0,inf,PQ,,0
80,50,50Hertz,Umspannwerk Bärwalde,,substation,380,380000,SRID=4326;POINT(14.5081091811329 51.4137103812427),14.50810918,51.41371038,,AC,,1,0,inf,PQ,,0
81,50,50Hertz,Umspannwerk Preilack,PRL,substation,380,380000;110000,SRID=4326;POINT(14.4281804852225 51.8888641394403),14.42818049,51.88886414,,AC,,1,0,inf,PQ,,0
82,,EON_Netz,EON Kraftwerk Wilhelmshaven,,plant,220,,SRID=4326;POINT(8.14191382633093 53.5640011680095),8.141913826,53.56400117,,AC,,1,0,inf,PQ,,0
83,50,EON_Netz;TenneT,Kiel-Süd,,substation,220,220000;110000,SRID=4326;POINT(10.1562824575947 54.2755482549913),10.15628246,54.27554826,,AC,,1,0,inf,PQ,,0
84,,E.ON Kraftwerke GmbH;Stadtwerke Kiel AG,Gemeinschaftskraftwerk Kiel,,generator,220,,SRID=4326;POINT(10.1773541034729 54.3395212638642),10.1773541,54.33952126,,AC,,1,0,inf,PQ,,0
85,,RWE,Station Gronau,,substation,380,380000;220000;110000,SRID=4326;POINT(7.03496796515083 52.2028607381056),7.034967965,52.20286074,,AC,,1,0,inf,PQ,,0
86,50,Amprion,Hanekenfähr,,substation,380,380000;220000;110000,SRID=4326;POINT(7.30820430094578 52.4768353862806),7.308204301,52.47683539,,AC,,1,0,inf,PQ,,0
87,50,RWE,Station Kusenhorst,,substation,380,380000;220000;110000,SRID=4326;POINT(7.06030699176008 51.6964760130648),7.060306992,51.69647601,,AC,,1,0,inf,PQ,,0
88,,RWE,Station Gellep,,substation,220,220000;110000,SRID=4326;POINT(6.6746753206169 51.3249574728255),6.674675321,51.32495747,,AC,,1,0,inf,PQ,,0
89,50,RWE,Station Mündelheim,,substation,220,220000;110000,SRID=4326;POINT(6.72376714521247 51.3556543809247),6.723767145,51.35565438,,AC,,1,0,inf,PQ,,0
90,50,RWE,Station Roxel,,substation,380,380000;110000,SRID=4326;POINT(7.54571772261949 51.9703244223875),7.545717723,51.97032442,,AC,,1,0,inf,PQ,,0
91,,RWE AG,Erdgaskraftwerk Emsland,,plant,380,,SRID=4326;POINT(7.30561448538174 52.4801491895706),7.305614485,52.48014919,,AC,,1,0,inf,PQ,,0
92,,,,,substation,380,380000,SRID=4326;POINT(7.30433875539085 52.4824259958004),7.304338755,52.482426,,AC,,1,0,inf,PQ,,0
93,50,TenneT,Meppen,MEPP,substation,380,380000;110000,SRID=4326;POINT(7.27715391322869 52.7532425946802),7.277153913,52.75324259,,AC,,1,0,inf,PQ,,0
94,50,Amprion,Wehrendorf,,substation,380,380000;220000;110000,SRID=4326;POINT(8.30775689679575 52.3456356447783),8.307756897,52.34563564,,AC,,1,0,inf,PQ,,0
95,50,Amprion,Station Westerkappeln,,substation,380,380000;220000;110000,SRID=4326;POINT(7.88957671235007 52.2773967624078),7.889576712,52.27739676,,AC,,1,0,inf,PQ,,0
96,50,,Benteler Stahlwerk,,substation,380,220000,SRID=4326;POINT(7.31784994377907 52.4691114902799),7.317849944,52.46911149,,AC,,1,0,inf,PQ,,0
97,50,ČEPS,Rozvodna Přeštice,,substation,380,400000;220000;110000,SRID=4326;POINT(13.3352803846608 49.5896898612644),13.33528038,49.58968986,,AC,,1,0,inf,PQ,,0
98,50,50Hertz Transmission,Bentwisch HGÜ,,substation,380,380000,SRID=4326;POINT(12.2147735096776 54.1003234403618),12.21477351,54.10032344,,AC,,1,0,inf,PQ,,0
99,50,Amprion,Umspannwerk Uchtelfangen,,substation,380,380000;220000;110000,SRID=4326;POINT(6.99647659179489 49.3754093063084),6.996476592,49.37540931,,AC,,1,0,inf,PQ,,0
100,50,Amprion; Westnetz,Station Niederstedem,,substation,380,380000;220000;110000,SRID=4326;POINT(6.47473977006816 49.9224692993999),6.47473977,49.9224693,,AC,,1,0,inf,PQ,,0
101,,50Hertz,Wessin,,substation,380,380000,SRID=4326;POINT(11.6993926965362 53.5722744892702),11.6993927,53.57227449,,AC,,1,0,inf,PQ,,0
102,50,50Hertz;EON_edis,Görries,,substation,380,380000;110000,SRID=4326;POINT(11.3706373688866 53.6009910848999),11.37063737,53.60099108,,AC,,1,0,inf,PQ,,0
103,,RWE,Station Rosenblumendelle,,substation,380,380000;110000,SRID=4326;POINT(6.94821343461115 51.4445789430072),6.948213435,51.44457894,,AC,,1,0,inf,PQ,,0
104,50,RWE,Station Büscherhof,,substation,380,380000;220000,SRID=4326;POINT(6.92675896360373 51.4992056838496),6.926758964,51.49920568,,AC,,1,0,inf,PQ,,0
105,,RWE,Station Niederrhein,,substation,380,380000;220000;110000,SRID=4326;POINT(6.68078798893986 51.6462959356851),6.680787989,51.64629594,,AC,,1,0,inf,PQ,,0
106,50,Amprion,Station Hattingen,,substation,380,380000;220000;110000,SRID=4326;POINT(7.16721460965932 51.3899067582106),7.16721461,51.38990676,,AC,,1,0,inf,PQ,,0
107,50,RWE,Station Eiberg,,substation,380,380000;220000,SRID=4326;POINT(7.1255729106725 51.4489772588145),7.125572911,51.44897726,,AC,,1,0,inf,PQ,,0
108,50,,Station Karnap,,substation,380,380000;110000,SRID=4326;POINT(6.99606888010598 51.5141695891404),6.99606888,51.51416959,,AC,,1,0,inf,PQ,,0
109,50,RWE,Witten,,substation,380,380000,SRID=4326;POINT(7.31318284290137 51.4466113896128),7.313182843,51.44661139,,AC,,1,0,inf,PQ,,0
110,50,RWE,Station Uentrop,,substation,380,380000,SRID=4326;POINT(7.99288723332679 51.6837077155955),7.992887233,51.68370772,,AC,,1,0,inf,PQ,,0
111,50,Amprion,Station Nehden,,substation,380,380000;110000,SRID=4326;POINT(8.62480052815036 51.4278883849265),8.624800528,51.42788838,,AC,,1,0,inf,PQ,,0
112,50,RWE,Station Mengede,,substation,380,380000,SRID=4326;POINT(7.35311186939787 51.5758105020818),7.353111869,51.5758105,,AC,,1,0,inf,PQ,,0
113,50,RWE,Station Hüllen,,substation,380,380000;110000,SRID=4326;POINT(7.12323882950453 51.5256121803004),7.12323883,51.52561218,,AC,,1,0,inf,PQ,,0
114,50,Amprion,Station Arpe,,substation,380,380000;110000,SRID=4326;POINT(8.21170597594605 51.1779854801194),8.211705976,51.17798548,,AC,,1,0,inf,PQ,,0
115,,,RWE Kraftwerk Frimmersdorf,,generator,220,,SRID=4326;POINT(6.57648208812114 51.0555954583116),6.576482088,51.05559546,,AC,,1,0,inf,PQ,,0
116,50,,Station Norf,,substation,220,220000;110000,SRID=4326;POINT(6.77252309438106 51.1471054906194),6.772523094,51.14710549,,AC,,1,0,inf,PQ,,0
117,,RWE,Station Sechtem,,substation,380,380000;220000;110000,SRID=4326;POINT(6.97257742700703 50.795693017514),6.972577427,50.79569302,,AC,,1,0,inf,PQ,,0
118,50,Amprion,Station Ließem,,substation,380,380000;110000,SRID=4326;POINT(7.13689469738717 50.6428608767133),7.136894697,50.64286088,,AC,,1,0,inf,PQ,,0
119,50,Net,Station Oberzier,,substation,380,380000;110000,SRID=4326;POINT(6.45655246642153 50.8713380368705),6.456552466,50.87133804,,AC,,1,0,inf,PQ,,0
120,50,RWE,Station Dauersberg,,substation,380,380000;220000;110000,SRID=4326;POINT(7.86394571365263 50.7682419129404),7.863945714,50.76824191,,AC,,1,0,inf,PQ,,0
121,,RWE,RWE Kraftwerk Weisweiler,,plant,380,,SRID=4326;POINT(6.32166491493505 50.8383473627586),6.321664915,50.83834736,,AC,,1,0,inf,PQ,,0
122,50,Amprion,Station Verlautenheide,,substation,380,380000;110000,SRID=4326;POINT(6.16738169006425 50.8020442927138),6.16738169,50.80204429,,AC,,1,0,inf,PQ,,0
123,50,RWE,Station Rommerskirchen,,substation,380,380000;220000,SRID=4326;POINT(6.70220337779745 51.0088609096753),6.702203378,51.00886091,,AC,,1,0,inf,PQ,,0
124,50,,KW Neurath,,substation,380,380000;220000;110000,SRID=4326;POINT(6.61240231530956 51.0359242594819),6.612402315,51.03592426,,AC,,1,0,inf,PQ,,0
125,,RWE,Station Opladen,,substation,380,380000;220000;110000,SRID=4326;POINT(6.96568442352005 51.0693295322353),6.965684424,51.06932953,,AC,,1,0,inf,PQ,,0
126,50,RWE,Station Linde,,substation,380,380000;110000,SRID=4326;POINT(7.23319684331545 51.2325069075148),7.233196843,51.23250691,,AC,,1,0,inf,PQ,,0
127,50,,Umspannwerk Weisweiler,,substation,380,380000;110000,SRID=4326;POINT(6.30090123786765 50.8289532122665),6.300901238,50.82895321,,AC,,1,0,inf,PQ,,0
128,50,Amprion,Station Weißenthurm,,substation,380,380000;220000;110000,SRID=4326;POINT(7.44948529010545 50.4025276621126),7.44948529,50.40252766,,AC,,1,0,inf,PQ,,0
129,50,RWE,Station Osterath,,substation,380,220000;110000,SRID=4326;POINT(6.62582790177014 51.2606098249047),6.625827902,51.26060982,,AC,,1,0,inf,PQ,,0
130,50,,Station Halfeshof,,substation,380,380000;110000,SRID=4326;POINT(7.12308195236379 51.1715887782054),7.123081952,51.17158878,,AC,,1,0,inf,PQ,,0
131,50,RWE,Station Sankt Peter 380 kV,,substation,380,380000;220000,SRID=4326;POINT(6.80109333956604 51.1225390518584),6.80109334,51.12253905,,AC,,1,0,inf,PQ,,0
132,50,Amprion,Station Ohligs,,substation,380,380000;110000,SRID=4326;POINT(7.00877914033175 51.1742549180397),7.00877914,51.17425492,,AC,,1,0,inf,PQ,,0
133,,Amprion,Station Knapsack,,substation,380,380000;110000,SRID=4326;POINT(6.8426506615144 50.8635385008881),6.842650662,50.8635385,,AC,,1,0,inf,PQ,,0
134,,RWE,Station Brauweiler,,substation,220,220000;110000,SRID=4326;POINT(6.80461158012622 50.9662452961379),6.80461158,50.9662453,,AC,,1,0,inf,PQ,,0
135,,Amprion,Station Unna,,substation,380,380000;110000,SRID=4326;POINT(7.7186272145384 51.5342075115271),7.718627215,51.53420751,,AC,,1,0,inf,PQ,,0
136,,Trianel,Geithe,,substation,380,380000,SRID=4326;POINT(7.93077008561427 51.6729710197069),7.930770086,51.67297102,,AC,,1,0,inf,PQ,,0
137,,RWE,Station Pfalzdorf,,substation,220,220000;110000,SRID=4326;POINT(6.22183144595687 51.6946456422206),6.221831446,51.69464564,,AC,,1,0,inf,PQ,,0
138,,,Kraftwerk Scholven,,generator,380,,SRID=4326;POINT(7.00674987859998 51.5999114220203),7.006749879,51.59991142,,AC,,1,0,inf,PQ,,0
139,,RWE,Station Bergmannsglück,,substation,220,220000;110000,SRID=4326;POINT(7.03761988504233 51.5985496311832),7.037619885,51.59854963,,AC,,1,0,inf,PQ,,0
140,50,Amprion,Station Pöppinghausen,,substation,220,220000;110000,SRID=4326;POINT(7.2640834625924 51.5735734103802),7.264083463,51.57357341,,AC,,1,0,inf,PQ,,0
141,50,Amprion,Station Laer,,substation,220,220000;110000,SRID=4326;POINT(7.2789471130269 51.4722816773138),7.278947113,51.47228168,,AC,,1,0,inf,PQ,,0
142,,Evonik Industries AG,Kraftwerk Herne Baukau,,generator,220,,SRID=4326;POINT(7.18667755311932 51.550589070577),7.186677553,51.55058907,,AC,,1,0,inf,PQ,,0
143,,E.On Kraftwerke GmbH,Kraftwerk Knepper,,generator,380,,SRID=4326;POINT(7.35135784054859 51.568368608134),7.351357841,51.56836861,,AC,,1,0,inf,PQ,,0
144,,Amprion,Station Bochum,,substation,220,220000;110000,SRID=4326;POINT(7.17937912538938 51.4722019484347),7.179379125,51.47220195,,AC,,1,0,inf,PQ,,0
145,50,RheinEnergie,UW Fühlingen,,substation,220,220000;110000,SRID=4326;POINT(6.93488869659333 51.0335223350589),6.934888697,51.03352234,,AC,,1,0,inf,PQ,,0
146,50,,Station Reisholz,,substation,220,220000;110000,SRID=4326;POINT(6.82813596908193 51.1626762413706),6.828135969,51.16267624,,AC,,1,0,inf,PQ,,0
147,,markE,Umspannwerk Garenfeld,,substation,220,220000;110000,SRID=4326;POINT(7.50597329671546 51.401592550355),7.505973297,51.40159255,,AC,,1,0,inf,PQ,,0
148,50,RWE;Stadtwerke Düsseldorf,Station Eller,,substation,220,220000;110000,SRID=4326;POINT(6.84699931064759 51.2055917698058),6.846999311,51.20559177,,AC,,1,0,inf,PQ,,0
149,,RWE,Station Siegburg,,substation,220,220000;110000,SRID=4326;POINT(7.19316578267403 50.798335064694),7.193165783,50.79833506,,AC,,1,0,inf,PQ,,0
150,50,RWE,Station Gremberghoven,,substation,220,220000;110000,SRID=4326;POINT(7.0473845241055 50.9055286094924),7.047384524,50.90552861,,AC,,1,0,inf,PQ,,0
151,,Amprion,Station Gohrpunkt,,substation,220,220000;110000,SRID=4326;POINT(6.70967369516713 51.0909407427733),6.709673695,51.09094074,,AC,,1,0,inf,PQ,,0
152,50,RWE,Station Meckenheim,,substation,220,220000;110000,SRID=4326;POINT(7.01293742640329 50.6176584938251),7.012937426,50.61765849,,AC,,1,0,inf,PQ,,0
153,50,RWE,Station Dülken,,substation,220,380000;220000;110000,SRID=4326;POINT(6.33006858948983 51.2429161503794),6.330068589,51.24291615,,AC,,1,0,inf,PQ,,0
154,50,,Station Dünnwald,,substation,220,220000,SRID=4326;POINT(7.0235444991641 50.999068409611),7.023544499,50.99906841,,AC,,1,0,inf,PQ,,0
155,50,Amprion,Umspannwerk Bixterheide,,substation,220,220000;110000,SRID=4326;POINT(7.72438401522458 51.4093341305984),7.724384015,51.40933413,,AC,,1,0,inf,PQ,,0
156,,,Kraftwerkschaltanlage Knapsack 1,,substation,380,380000;220000,SRID=4326;POINT(6.84223115147656 50.8598647243573),6.842231151,50.85986472,,AC,,1,0,inf,PQ,,0
157,50,Amprion,Station Gütersloh,,substation,380,380000;220000;110000,SRID=4326;POINT(8.364229530696 51.9271204904611),8.364229531,51.92712049,,AC,,1,0,inf,PQ,,0
158,50,RWE,Station Hambach,,substation,380,380000,SRID=4326;POINT(6.48812326381716 50.8810703125704),6.488123264,50.88107031,,AC,,1,0,inf,PQ,,0
159,50,TenneT,Conneforde,CONN,substation,380,380000;220000;110000,SRID=4326;POINT(8.05408735442182 53.3323026933898),8.054087354,53.33230269,,AC,,1,0,inf,PQ,,0
160,50,EON_Netz,Kernkraftwerk Unterweser,,substation,380,380000;220000,SRID=4326;POINT(8.47791063608626 53.428485468955),8.477910636,53.42848547,,AC,,1,0,inf,PQ,,0
161,50,TenneT;EON_Netz,Conneforde 110/220 kV,CONN,substation,220,220000;110000,SRID=4326;POINT(8.05283751634017 53.3338809598955),8.052837516,53.33388096,,AC,,1,0,inf,PQ,,0
162,50,,Bocklemünd,,substation,220,220000;110000,SRID=4326;POINT(6.85153113794826 50.9841704680083),6.851531138,50.98417047,,AC,,1,0,inf,PQ,,0
163,50,Amprion,Station Paffendorf,,substation,380,380000;110000,SRID=4326;POINT(6.59601979462215 50.9525274624278),6.596019795,50.95252746,,AC,,1,0,inf,PQ,,0
164,50;16.7,E.ON,Schaltanlage Datteln 4,,substation,380,380000;110000,SRID=4326;POINT(7.33861258614081 51.6319781250427),7.338612586,51.63197813,,AC,,1,0,inf,PQ,,0
165,50,Amprion,Station Gersteinwerk,,substation,380,380000;220000;110000,SRID=4326;POINT(7.70831848872651 51.6762033088437),7.708318489,51.67620331,,AC,,1,0,inf,PQ,,0
166,,RWE; evonik,Kraftwerk Bergkamen,,generator,380,,SRID=4326;POINT(7.61702099509812 51.6371337640588),7.617020995,51.63713376,,AC,,1,0,inf,PQ,,0
167,50,Ampirion,Station Wambel,,substation,220,220000;110000,SRID=4326;POINT(7.52228010104186 51.5321980552231),7.522280101,51.53219806,,AC,,1,0,inf,PQ,,0
168,50,RWE; ELE,Station Nordlicht,,substation,380,380000;110000,SRID=4326;POINT(6.90660779028721 51.5652424465435),6.90660779,51.56524245,,AC,,1,0,inf,PQ,,0
169,50,,LMG,,substation,220,220000,SRID=4326;POINT(6.96734393053748 51.4908618864265),6.967343931,51.49086189,,AC,,1,0,inf,PQ,,0
170,50,,Styrum,,substation,220,220000;110000,SRID=4326;POINT(6.87287359352087 51.4457833372124),6.872873594,51.44578334,,AC,,1,0,inf,PQ,,0
171,,RWE,Station Selbeck,,substation,220,220000;110000,SRID=4326;POINT(6.86804496307922 51.3744747805902),6.868044963,51.37447478,,AC,,1,0,inf,PQ,,0
172,50,Amprion,Station Hamborn,,substation,220,220000;110000,SRID=4326;POINT(6.78752251671348 51.505550100013),6.787522517,51.5055501,,AC,,1,0,inf,PQ,,0
173,50,RWE,Station Osterath,,substation,380,380000,SRID=4326;POINT(6.62284323546559 51.258713368098),6.622843235,51.25871337,,AC,,1,0,inf,PQ,,0
174,50,Amprion,Station Handbach,,substation,220,220000;110000,SRID=4326;POINT(6.81216588075166 51.5196200118095),6.812165881,51.51962001,,AC,,1,0,inf,PQ,,0
175,,Amprion,Station Rheinhausen,,substation,220,220000,SRID=4326;POINT(6.72031000055597 51.3915325380171),6.720310001,51.39153254,,AC,,1,0,inf,PQ,,0
176,50,,Station Edelstahl Krefeld,,substation,220,220000;110000,SRID=4326;POINT(6.54240844257145 51.2994458149911),6.542408443,51.29944582,,AC,,1,0,inf,PQ,,0
177,,50Hertz Transmission GmbH;E.ON edis AG,Umspannwerk Lüdershagen,Lhg,substation,220,220000;110000,SRID=4326;POINT(13.0786421047586 54.2848461697305),13.0786421,54.28484617,,AC,,1,0,inf,PQ,,0
178,50,RWE,Setzer Wiese,,substation,220,220000,SRID=4326;POINT(8.02029033797883 50.9236168949394),8.020290338,50.92361689,,AC,,1,0,inf,PQ,,0
179,,50Hertz Transmission GmbH,Bertikow,,substation,220,380000;220000,SRID=4326;POINT(13.9570055475871 53.252171625753),13.95700555,53.25217163,,AC,,1,0,inf,PQ,,0
180,50,50Hertz Transmission GmbH,Vierraden,,substation,220,220000;110000,SRID=4326;POINT(14.270834670665 53.0962865535819),14.27083467,53.09628655,,AC,,1,0,inf,PQ,,0
181,,50Hertz Transmission GmbH;E.ON edis AG,Pasewalk,,substation,220,220000;110000,SRID=4326;POINT(14.0336963684666 53.5078685980791),14.03369637,53.5078686,,AC,,1,0,inf,PQ,,0
182,,PSE Operator,"Stacja elektroenergetyczna ""Krajnik"" 400/220 kV",KRA,substation,220,400000;220000,SRID=4326;POINT(14.4762521006827 53.1967495480613),14.4762521,53.19674955,,AC,,1,0,inf,PQ,,0
183,50,50Hertz Transmission;Stromnetz Hamburg GmbH,Umspannwerk Hamburg/Süd,,substation,380,380000;110000,SRID=4326;POINT(9.90884752815356 53.4880466403676),9.908847528,53.48804664,,AC,,1,0,inf,PQ,,0
184,50,Amprion,Station Utfort,,substation,380,380000;220000;110000,SRID=4326;POINT(6.61738109142906 51.4757909635544),6.617381091,51.47579096,,AC,,1,0,inf,PQ,,0
185,50,,Uerdingen,,substation,220,220000;110000,SRID=4326;POINT(6.65673519501182 51.379523634379),6.656735195,51.37952363,,AC,,1,0,inf,PQ,,0
186,50,Amprion,Walsum Block 10,,substation,380,380000,SRID=4326;POINT(6.7111452744645 51.5261875490663),6.711145274,51.52618755,,AC,,1,0,inf,PQ,,0
187,,Amprion,Station Zensenbusch,,substation,380,380000,SRID=4326;POINT(6.68934277038931 51.5764228881728),6.68934277,51.57642289,,AC,,1,0,inf,PQ,,0
188,,,Kraftwerk Huckingen,,generator,220,,SRID=4326;POINT(6.72365237186396 51.375845810902),6.723652372,51.37584581,,AC,,1,0,inf,PQ,,0
189,50,,Umspannwerk Trossingen,TRSNG,substation,380,380000;110000,SRID=4326;POINT(8.61664767275337 48.0659537906797),8.616647673,48.06595379,,AC,,1,0,inf,PQ,,0
190,50,EnBW,EnBW Umspannwerk Engstlatt,ENGST,substation,380,380000,SRID=4326;POINT(8.87294280487974 48.3100912582216),8.872942805,48.31009126,,AC,,1,0,inf,PQ,,0
191,50,Amprion,Station Walsum,,substation,380,220000;110000,SRID=4326;POINT(6.71525259691926 51.5267908666491),6.715252597,51.52679087,,AC,,1,0,inf,PQ,,0
192,,EON_edis,Güstrow,,substation,220,220000;110000,SRID=4326;POINT(12.1857651811846 53.8108597989599),12.18576518,53.8108598,,AC,,1,0,inf,PQ,,0
193,50,,Station Beeck,,substation,220,380000;220000;110000,SRID=4326;POINT(6.72256980950278 51.4797876727124),6.72256981,51.47978767,,AC,,1,0,inf,PQ,,0
194,,evonik,Kraftwerk Voerde,,generator,380,,SRID=4326;POINT(6.68306568260248 51.577104777735),6.683065683,51.57710478,,AC,,1,0,inf,PQ,,0
195,,,Station Möllen,,substation,380,220000,SRID=4326;POINT(6.68310697663871 51.5756455059265),6.683106977,51.57564551,,AC,,1,0,inf,PQ,,0
196,,,,,substation,220,220000,SRID=4326;POINT(6.74541676675317 51.4986419480434),6.745416767,51.49864195,,AC,,1,0,inf,PQ,,0
197,50,,Spellen,,substation,220,220000;110000,SRID=4326;POINT(6.61427855504049 51.6186788033284),6.614278555,51.6186788,,AC,,1,0,inf,PQ,,0
198,50,,,,substation,380,380000,SRID=4326;POINT(7.9706568937083 51.6768446667846),7.970656894,51.67684467,,AC,,1,0,inf,PQ,,0
199,,Amprion,Station Elmenhorst,,substation,220,220000;110000,SRID=4326;POINT(7.44506930371379 51.6185000869374),7.445069304,51.61850009,,AC,,1,0,inf,PQ,,0
200,50,Amprion,Station Ruhrort,,substation,220,220000;110000,SRID=4326;POINT(6.73212495035583 51.4594437365975),6.73212495,51.45944374,,AC,,1,0,inf,PQ,,0
201,50,EON_Netz,Sottrum,,substation,380,380000;220000;110000,SRID=4326;POINT(9.25103425143703 53.1144323051271),9.251034251,53.11443231,,AC,,1,0,inf,PQ,,0
202,,KKW Lippe-Ems,Kernkraftwerk Emsland,KKE,plant,380,,SRID=4326;POINT(7.32089257541703 52.4714572265383),7.320892575,52.47145723,,AC,,1,0,inf,PQ,,0
203,,TenneT,380kV Hengelo,,substation,380,380000,SRID=4326;POINT(6.75917485282445 52.2488578798871),6.759174853,52.24885788,,AC,,1,0,inf,PQ,,0
204,,markE,Elverlingsen,,substation,220,220000;110000,SRID=4326;POINT(7.70632726933662 51.278583155205),7.706327269,51.27858316,,AC,,1,0,inf,PQ,,0
205,,RWE Power AG,Koepchenwerk,,plant,220,,SRID=4326;POINT(7.45034204531003 51.413608212821),7.450342045,51.41360821,,AC,,1,0,inf,PQ,,0
206,,,RWE Kraftwerk Neurath BoA Bl. F/G,,plant,380,,SRID=4326;POINT(6.63448162267058 51.0359799381303),6.634481623,51.03597994,,AC,,1,0,inf,PQ,,0
207,50,Amprion,Amelsbüren,,substation,220,220000,SRID=4326;POINT(7.60711612154456 51.8986046029193),7.607116122,51.8986046,,AC,,1,0,inf,PQ,,0
208,50,RWE,Station Lippe,,substation,380,380000,SRID=4326;POINT(7.4035444340631 51.644449487967),7.403544434,51.64444949,,AC,,1,0,inf,PQ,,0
209,50,TenneT TSO GmbH,Schaltanlage Ovenstädt,3018,substation,380,380000,SRID=4326;POINT(8.93969252741257 52.4030332405173),8.939692527,52.40303324,,AC,,1,0,inf,PQ,,0
210,,Gemeinschaftskernkraftwerk Grohnde GmbH & Co. oHG,Kernkraftwerk Grohnde,KWG,plant,380,,SRID=4326;POINT(9.40952032742215 52.034316665873),9.409520327,52.03431667,,AC,,1,0,inf,PQ,,0
211,50,Amprion,Mittelbexbach,,substation,380,380000,SRID=4326;POINT(7.23579344536789 49.3693923629482),7.235793445,49.36939236,,AC,,1,0,inf,PQ,,0
212,50,Amprion; Westnetz,Station Osburg,,substation,380,380000;110000,SRID=4326;POINT(6.81368431456473 49.7248340737293),6.813684315,49.72483407,,AC,,1,0,inf,PQ,,0
213,50,RWE,Umspannanlage Pfungstadt,,substation,220,220000;110000,SRID=4326;POINT(8.58869049603326 49.8155140579794),8.588690496,49.81551406,,AC,,1,0,inf,PQ,,0
214,50,Net,Station Rheinau,,substation,220,220000;110000,SRID=4326;POINT(8.5471609252134 49.4405396661002),8.547160925,49.44053967,,AC,,1,0,inf,PQ,,0
215,50,,BASF,,substation,220,220000,SRID=4326;POINT(8.40826973550855 49.5285689245626),8.408269736,49.52856892,,AC,,1,0,inf,PQ,,0
216,50,Amprion,Umspannstation Hoheneck Amprion,,substation,380,380000;220000;110000,SRID=4326;POINT(9.1907874369222 48.914416873799),9.190787437,48.91441687,,AC,,1,0,inf,PQ,,0
217,50,,Kraftwerk Rostock,,generator,380,,SRID=4326;POINT(12.1320699705054 54.14245987564),12.13206997,54.14245988,,AC,,1,0,inf,PQ,,0
218,,E.ON edis AG,Bentwisch,,substation,220,220000;110000,SRID=4326;POINT(12.2135605440795 54.1119998545154),12.21356054,54.11199985,,AC,,1,0,inf,PQ,,0
219,50,TenneT,Eickum,,substation,380,380000;110000,SRID=4326;POINT(8.5712588278729 52.1053649602273),8.571258828,52.10536496,,AC,,1,0,inf,PQ,,0
220,50,TenneT,Umspannwerk Bechterdissen,,substation,380,380000;220000;110000,SRID=4326;POINT(8.65937290290079 51.9996101318907),8.659372903,51.99961013,,AC,,1,0,inf,PQ,,0
221,50;0,TenneT;EON_Netz,Diele,DIEL,substation,380,380000;150000;110000,SRID=4326;POINT(7.31136229105814 53.1257665563186),7.311362291,53.12576656,,AC,,1,0,inf,PQ,,0
222,,TenneT,380kV Meeden,,substation,380,380000;220000,SRID=4326;POINT(6.94948397153705 53.1235378223082),6.949483972,53.12353782,,AC,,1,0,inf,PQ,,0
223,50,Pfalzwerke AG,Umspannwerk Maximiliansau,,substation,220,220000;110000,SRID=4326;POINT(8.27327814618118 49.0293980916396),8.273278146,49.02939809,,AC,,1,0,inf,PQ,,0
224,50,Pfalzwerke,Netzleitstelle Mutterstadt,,substation,220,220000;110000,SRID=4326;POINT(8.3523338799966 49.4212743386606),8.35233388,49.42127434,,AC,,1,0,inf,PQ,,0
225,50,Amprion,Otterbach,,substation,220,220000;110000,SRID=4326;POINT(7.72920197913641 49.4826474297682),7.729201979,49.48264743,,AC,,1,0,inf,PQ,,0
226,50,TenneT;EON_Netz,Godenau,,substation,220,220000;110000,SRID=4326;POINT(9.79733602695253 52.0008392513306),9.797336027,52.00083925,,AC,,1,0,inf,PQ,,0
227,50,Ampirion,Vöhringen Amprion,,substation,380,380000,SRID=4326;POINT(10.0821573264928 48.2660901578788),10.08215733,48.26609016,,AC,,1,0,inf,PQ,,0
228,50,,Umspannwerk Weinheim,,substation,220,220000;110000,SRID=4326;POINT(8.62716125806072 49.5435952670263),8.627161258,49.54359527,,AC,,1,0,inf,PQ,,0
229,,,Mannheim,,substation,220,220000;110000,SRID=4326;POINT(8.50180851652818 49.4449115114399),8.501808517,49.44491151,,AC,,1,0,inf,PQ,,0
230,,Amprion,Umspannwerk Gundelfingen,,substation,380,380000,SRID=4326;POINT(10.391776056934 48.5184609117668),10.39177606,48.51846091,,AC,,1,0,inf,PQ,,0
231,50,Schluchseewerk AG,Lastverteilung/Schaltanlage Kühmoos,,substation,380,380000;220000,SRID=4326;POINT(7.95805402328778 47.5954722640613),7.958054023,47.59547226,,AC,,1,0,inf,PQ,,0
232,50,LEW,Vöhringen LEW,Station Nr. 625,substation,380,380000;220000;110000,SRID=4326;POINT(10.0837512706734 48.268867515302),10.08375127,48.26886752,,AC,,1,0,inf,PQ,,0
233,50,EnBW,Umspannwerk Dellmensingen,,substation,380,380000;220000;110000,SRID=4326;POINT(9.88551509756969 48.3040743584705),9.885515098,48.30407436,,AC,,1,0,inf,PQ,,0
234,50,,Umspannwerk Stockach,,substation,220,220000;110000,SRID=4326;POINT(9.01340238045655 47.8453486310857),9.01340238,47.84534863,,AC,,1,0,inf,PQ,,0
235,50,EnBW,Umspannwerk Gurtweil,,substation,220,220000;110000,SRID=4326;POINT(8.25192548128222 47.6397698264894),8.251925481,47.63976983,,AC,,1,0,inf,PQ,,0
236,50,EnBW,Umspannwerk Hoheneck EnBW,,substation,380,220000;110000,SRID=4326;POINT(9.19675652645089 48.9129634380259),9.196756526,48.91296344,,AC,,1,0,inf,PQ,,0
237,,,Heisdorf,,substation,220,220000;65000,SRID=4326;POINT(6.13981113770544 49.6686086456422),6.139811138,49.66860865,,AC,,1,0,inf,PQ,,0
238,50,Amprion,Station Trier,,substation,220,220000,SRID=4326;POINT(6.62053556843084 49.7489386710632),6.620535568,49.74893867,,AC,,1,0,inf,PQ,,0
239,50,Amprion; Westnetz,Station Quint,,substation,220,220000;110000,SRID=4326;POINT(6.70228540768092 49.8289944201161),6.702285408,49.82899442,,AC,,1,0,inf,PQ,,0
240,50,Süwag,Station Kelsterbach,,substation,220,220000,SRID=4326;POINT(8.53151493939883 50.047874332134),8.531514939,50.04787433,,AC,,1,0,inf,PQ,,0
241,50,Amprion,Umspannwerk Kriftel,,substation,380,380000;110000,SRID=4326;POINT(8.4713716330449 50.0972077427754),8.471371633,50.09720774,,AC,,1,0,inf,PQ,,0
242,,"Amprion, Süwag",Station Limburg,,substation,380,380000;110000,SRID=4326;POINT(8.06573796639762 50.4060681118621),8.065737966,50.40606811,,AC,,1,0,inf,PQ,,0
245,50,Amprion,Karlstein,,substation,380,380000;110000,SRID=4326;POINT(8.98953614977701 50.0602550608281),8.98953615,50.06025506,,AC,,1,0,inf,PQ,,0
246,50,TenneT,Umspannwerk Großkrotzenburg,,substation,380,380000;220000,SRID=4326;POINT(8.95870856177306 50.0826078105489),8.958708562,50.08260781,,AC,,1,0,inf,PQ,,0
247,50,Amprion,Schaltanlage Leupolz,,substation,380,380000;220000,SRID=4326;POINT(10.363384232266 47.7383368092793),10.36338423,47.73833681,,AC,,1,0,inf,PQ,,0
248,,Trianel,Trianel Kraftwerk Lünen,,generator,380,,SRID=4326;POINT(7.46150025901999 51.6146143079042),7.461500259,51.61461431,,AC,,1,0,inf,PQ,,0
249,,,Gersteinwerk Block K,,generator,380,,SRID=4326;POINT(7.71823231962748 51.6743422007117),7.71823232,51.6743422,,AC,,1,0,inf,PQ,,0
250,,,Gersteinwerk Block F,,generator,380,,SRID=4326;POINT(7.71554341949648 51.6736430744508),7.71554342,51.67364307,,AC,,1,0,inf,PQ,,0
251,,,Gersteinwerk Block G,,generator,380,,SRID=4326;POINT(7.71459453349968 51.6730996381138),7.714594534,51.67309964,,AC,,1,0,inf,PQ,,0
252,,,Gersteinwerk Block I,,generator,380,,SRID=4326;POINT(7.71270093431027 51.672663662233),7.712700934,51.67266366,,AC,,1,0,inf,PQ,,0
253,50,Amprion,Station Lippborg,,substation,380,380000;110000,SRID=4326;POINT(7.98122159643085 51.6735262619046),7.981221596,51.67352626,,AC,,1,0,inf,PQ,,0
254,50,,Niederhausen,,substation,220,220000;110000,SRID=4326;POINT(7.79256714933307 49.8105487811028),7.792567149,49.81054878,,AC,,1,0,inf,PQ,,0
255,,Amprion; Westnetz,Station Wengerohr,,substation,220,220000;110000,SRID=4326;POINT(6.92013045452502 49.9705818904706),6.920130455,49.97058189,,AC,,1,0,inf,PQ,,0
256,50,VSE,Dieffeln,,substation,220,220000,SRID=4326;POINT(6.75552340556687 49.3648695914696),6.755523406,49.36486959,,AC,,1,0,inf,PQ,,0
257,,RWE,Kernkraftwerk Biblis,,plant,380,,SRID=4326;POINT(8.41467459584413 49.7091468139245),8.414674596,49.70914681,,AC,,1,0,inf,PQ,,0
258,50,TenneT;AVACON,Umspannwerk Rosdorf,,substation,220,220000;110000,SRID=4326;POINT(9.88280429847019 51.5155074976724),9.882804298,51.5155075,,AC,,1,0,inf,PQ,,0
259,50,TenneT;EON_Netz,Hardegsen,,substation,220,220000;110000,SRID=4326;POINT(9.85139357253472 51.6491352399809),9.851393573,51.64913524,,AC,,1,0,inf,PQ,,0
260,50,EnBW,EnBW Umspannwerk Oberjettingen,OBJTT,substation,380,380000;110000,SRID=4326;POINT(8.78579302528601 48.5837674015328),8.785793025,48.5837674,,AC,,1,0,inf,PQ,,0
261,50,EnBW Transportnetze AG,380kV-Umspannwerk Pulverdingen,,substation,380,380000;220000;110000,SRID=4326;POINT(9.0454349679866 48.9029620137561),9.045434968,48.90296201,,AC,,1,0,inf,PQ,,0
262,50,,Umspannwerk Obermooweiler,,substation,380,380000,SRID=4326;POINT(9.8013171668981 47.6525043240978),9.801317167,47.65250432,,AC,,1,0,inf,PQ,,0
263,,Vorarlberger Illwerke AG,Umspannwerk Bürs,,substation,380,380000;220000,SRID=4326;POINT(9.81091689214732 47.142645296653),9.810916892,47.1426453,,AC,,1,0,inf,PQ,,0
264,,EnBW,Umspannwerk Herbertingen,,substation,380,380000;220000;110000,SRID=4326;POINT(9.42551238607291 48.0643507981263),9.425512386,48.0643508,,AC,,1,0,inf,PQ,,0
265,50,Amprion,Station Lüstringen,,substation,220,220000;110000,SRID=4326;POINT(8.10495957410199 52.2642613740358),8.104959574,52.26426137,,AC,,1,0,inf,PQ,,0
266,,"Tennet TSO GmbH, E.ON Netz GmbH",Umspannwerk Marienberg,,substation,220,220000,SRID=4326;POINT(12.1301906295374 47.9131654820025),12.13019063,47.91316548,,AC,,1,0,inf,PQ,,0
267,50,RWE,Station Sankt Peter 220 kV,,substation,380,220000;110000,SRID=4326;POINT(6.8018236570969 51.1247880606241),6.801823657,51.12478806,,AC,,1,0,inf,PQ,,0
268,50,Amprion,Station Eiserfeld,,substation,220,220000;110000,SRID=4326;POINT(7.98506745761923 50.8422254447013),7.985067458,50.84222544,,AC,,1,0,inf,PQ,,0
269,50,e.on;Mitte AG,Dillenburg,,substation,380,380000;110000,SRID=4326;POINT(8.284861778672 50.7590735194915),8.284861779,50.75907352,,AC,,1,0,inf,PQ,,0
270,50,TenneT;EON_Netz,Emden-Borßum,EMDB,substation,220,220000;110000,SRID=4326;POINT(7.22423842685352 53.3499271468647),7.224238427,53.34992715,,AC,,1,0,inf,PQ,,0
271,,,Umspannwerk Kraftwerk Emden,EMDE,substation,220,220000;110000,SRID=4326;POINT(7.20605284001418 53.3413192541639),7.20605284,53.34131925,,AC,,1,0,inf,PQ,,0
272,50,TenneT,Flensburg,FLEN,substation,380,380000;220000;110000;20000,SRID=4326;POINT(9.31819523638713 54.7160494089748),9.318195236,54.71604941,,AC,,1,0,inf,PQ,,0
273,,Energinet.dk,400 kV Kassø,KAS,substation,220,400000;220000;150000,SRID=4326;POINT(9.27063390877085 55.0370264816237),9.270633909,55.03702648,,AC,,1,0,inf,PQ,,0
274,,,150 kV Enstedværket,,substation,220,220000;150000;60000,SRID=4326;POINT(9.43342930362242 55.0187229179606),9.433429304,55.01872292,,AC,,1,0,inf,PQ,,0
275,,,,,substation,220,220000,SRID=4326;POINT(7.43348911422107 50.4365195361077),7.433489114,50.43651954,,AC,,1,0,inf,PQ,,0
276,,RWE,Station Koblenz,,substation,380,380000;110000,SRID=4326;POINT(7.59330184856855 50.3859437917469),7.593301849,50.38594379,,AC,,1,0,inf,PQ,,0
277,50,,Atlantic,,substation,220,220000,SRID=4326;POINT(8.12215702005755 53.5658323292485),8.12215702,53.56583233,,AC,,1,0,inf,PQ,,0
278,50,50Hertz Transmission,Magdeburg (50Hertz),,substation,220,220000;110000,SRID=4326;POINT(11.5615074728142 52.1238924527264),11.56150747,52.12389245,,AC,,1,0,inf,PQ,,0
279,50,50Hertz,Umspannwerk Röhrsdorf,ROE,substation,380,380000;220000;110000,SRID=4326;POINT(12.8139099116529 50.8579185114397),12.81390991,50.85791851,,AC,,1,0,inf,PQ,,0
280,50,50Hertz,Umspannwerk Streumen,STR,substation,380,380000;110000,SRID=4326;POINT(13.3823233828996 51.3559961579888),13.38232338,51.35599616,,AC,,1,0,inf,PQ,,0
281,,50Hertz,Umspannwerk Weida,,substation,380,380000;220000;110000,SRID=4326;POINT(12.0449825161601 50.7812567340735),12.04498252,50.78125673,,AC,,1,0,inf,PQ,,0
282,50,50Hertz Transmission,Eula,,substation,380,380000;220000;110000,SRID=4326;POINT(12.5182220968156 51.1570725850832),12.5182221,51.15707259,,AC,,1,0,inf,PQ,,0
283,,E.ON Mitte AG,Umspannwerk Aßlar,,substation,380,380000;110000,SRID=4326;POINT(8.48009523461158 50.5909204313802),8.480095235,50.59092043,,AC,,1,0,inf,PQ,,0
284,50,,Umspannwerk Gießen Nord,,substation,380,380000;110000,SRID=4326;POINT(8.65659923594081 50.6055491256016),8.656599236,50.60554913,,AC,,1,0,inf,PQ,,0
285,50,TenneT,Cloppenburg 220 kV,,substation,220,220000,SRID=4326;POINT(8.08162670615254 52.858637484526),8.081626706,52.85863748,,AC,,1,0,inf,PQ,,0
286,50,TenneT,Sandershausen,,substation,220,220000;110000,SRID=4326;POINT(9.56710201161841 51.3252573276817),9.567102012,51.32525733,,AC,,1,0,inf,PQ,,0
287,,,Kraftwerkschaltanlage Ibbenbüren,,substation,220,220000,SRID=4326;POINT(7.74679248425685 52.2885115081219),7.746792484,52.28851151,,AC,,1,0,inf,PQ,,0
288,50,EnBW,Umspannwerk Weier,,substation,220,220000;110000,SRID=4326;POINT(7.91072928612534 48.5012882982432),7.910729286,48.5012883,,AC,,1,0,inf,PQ,,0
289,50,Amprion,Station Ibbenbüren,,substation,220,220000;110000,SRID=4326;POINT(7.7257063478071 52.2771949017405),7.725706348,52.2771949,,AC,,1,0,inf,PQ,,0
290,,50Hertz;ENSO,Umspannwerk Schmölln,,substation,380,380000;110000,SRID=4326;POINT(14.2192282929357 51.120707992198),14.21922829,51.12070799,,AC,,1,0,inf,PQ,,0
291,,Vattenfall Europe,Kraftwerk Boxberg,,generator,380,,SRID=4326;POINT(14.5700865498873 51.4190136844256),14.57008655,51.41901368,,AC,,1,0,inf,PQ,,0
292,50,50Hertz,Umspannwerk Förderstedt,MD 38,substation,380,220000;110000,SRID=4326;POINT(11.6441811001256 51.908512873438),11.6441811,51.90851287,,AC,,1,0,inf,PQ,,0
293,50,,Pumpspeicherkraftwerk Hohenwarte II,,plant,220,220000,SRID=4326;POINT(11.4746908222742 50.6040154814218),11.47469082,50.60401548,,AC,,1,0,inf,PQ,,0
294,50,50Hertz,Umspannwerk Altenfeld,,substation,380,380000;110000,SRID=4326;POINT(10.9910146333086 50.573526990181),10.99101463,50.57352699,,AC,,1,0,inf,PQ,,0
295,,EON_Netz,Umspannwerk Braunschweig Nord,,substation,220,220000,SRID=4326;POINT(10.5054991208047 52.3018379056382),10.50549912,52.30183791,,AC,,1,0,inf,PQ,,0
296,,Statkraft Germany,Kraftwerk Robert Frank,,plant,380,,SRID=4326;POINT(9.11362795987411 52.5457924749284),9.11362796,52.54579247,,AC,,1,0,inf,PQ,,0
297,50,TenneT;EON_Netz,Salzgitter-Hallendorf,,substation,220,220000;110000,SRID=4326;POINT(10.3692300485918 52.1670924338554),10.36923005,52.16709243,,AC,,1,0,inf,PQ,,0
298,,TenneT,Gleidingen 220 kV,,substation,220,220000,SRID=4326;POINT(10.4195406346214 52.2369606619834),10.41954063,52.23696066,,AC,,1,0,inf,PQ,,0
299,,,Mehrum (220 kV),,substation,220,220000;110000,SRID=4326;POINT(10.0876467999739 52.3151305547947),10.0876468,52.31513055,,AC,,1,0,inf,PQ,,0
300,50,Amprion,Station Sankt Hülfe,,substation,220,220000;110000,SRID=4326;POINT(8.40314143640892 52.609644011383),8.403141436,52.60964401,,AC,,1,0,inf,PQ,,0
301,50,,Klein Ilsede,U4,substation,380,380000;110000,SRID=4326;POINT(10.2358631058452 52.2934595399896),10.23586311,52.29345954,,AC,,1,0,inf,PQ,,0
302,,TenneT,Umspannwerk Bergshausen,,substation,380,380000;110000,SRID=4326;POINT(9.5142400914841 51.2590355805955),9.514240091,51.25903558,,AC,,1,0,inf,PQ,,0
303,,,Umspannanlage Würgassen,,substation,380,380000;220000;110000,SRID=4326;POINT(9.38765125748855 51.640733525594),9.387651257,51.64073353,,AC,,1,0,inf,PQ,,0
304,50,Tennet,UW Dipperz,,substation,380,380000;110000,SRID=4326;POINT(9.77415043834156 50.5287496465011),9.774150438,50.52874965,,AC,,1,0,inf,PQ,,0
305,50;16.7,DB_Energie,Umrichterwerk Neckarwestheim,,substation,380,380000;110000,SRID=4326;POINT(9.17745967557079 49.037809850476),9.177459676,49.03780985,,AC,,1,0,inf,PQ,,0
306,,,Gemeinschaftskraftwerk Neckarwestheim 2,,substation,380,380000,SRID=4326;POINT(9.17731110343941 49.039378200434),9.177311103,49.0393782,,AC,,1,0,inf,PQ,,0
307,,,380-kV-Umspannwerk Großgartach,,substation,380,380000;220000;110000,SRID=4326;POINT(9.15135394990856 49.1433834119236),9.15135395,49.14338341,,AC,,1,0,inf,PQ,,0
308,,,Grafenrheinfeld,GR,substation,380,380000,SRID=4326;POINT(10.1878339995516 49.981219040845),10.187834,49.98121904,,AC,,1,0,inf,PQ,,0
309,50,EnBW,Umspannwerk Höpfingen,,substation,380,380000;110000,SRID=4326;POINT(9.44691867105201 49.5902629324336),9.446918671,49.59026293,,AC,,1,0,inf,PQ,,0
310,,,Heizkraftwerk Heilbronn,,generator,380,,SRID=4326;POINT(9.20736443093694 49.1766379540065),9.207364431,49.17663795,,AC,,1,0,inf,PQ,,0
311,50,EnBW,Umspannwerk Kupferzell,,substation,380,380000;110000,SRID=4326;POINT(9.69465635518013 49.2325925411591),9.694656355,49.23259254,,AC,,1,0,inf,PQ,,0
312,50,EnBW,Umspannwerk Goldshöfe,,substation,380,380000;220000;110000,SRID=4326;POINT(10.1174866946797 48.8971053361382),10.11748669,48.89710534,,AC,,1,0,inf,PQ,,0
313,,50 Hertz Transmission;Stadtwerke Leipzig,Pulgar,,substation,380,380000;110000,SRID=4326;POINT(12.3374229103144 51.1969683571228),12.33742291,51.19696836,,AC,,1,0,inf,PQ,,0
314,,Net,Station Meitingen,,substation,380,380000,SRID=4326;POINT(10.8675658805484 48.5394690937344),10.86756588,48.53946909,,AC,,1,0,inf,PQ,,0
315,50,Lech-Elektrizitätswerke,Umspannwerk Oberottmarshausen,173A,substation,380,380000;220000;110000,SRID=4326;POINT(10.8408695619217 48.2380310092335),10.84086956,48.23803101,,AC,,1,0,inf,PQ,,0
316,50,Lechwerke;Stadtwerke Augsburg,Umspannwerk Lechhausen; Übernahmestation Lechhausen,613 U;1000,substation,380,380000;110000,SRID=4326;POINT(10.9367289314287 48.4013064414835),10.93672893,48.40130644,,AC,,1,0,inf,PQ,,0
317,50,Austrian Power Grid AG,APG Umspannwerk Westtirol,,substation,380,380000;220000;110000,SRID=4326;POINT(10.8739357569814 47.2444239286028),10.87393576,47.24442393,,AC,,1,0,inf,PQ,,0
318,,Elektrizitätswerke Augsburg,Umspannwerk Meitingen,122 U,substation,380,380000;110000,SRID=4326;POINT(10.8637616199498 48.5468231051405),10.86376162,48.54682311,,AC,,1,0,inf,PQ,,0
319,50,EnBW,EnBW Umspannwerk Laichingen,,substation,380,380000;110000,SRID=4326;POINT(9.70423149899321 48.465063732143),9.704231499,48.46506373,,AC,,1,0,inf,PQ,,0
320,,,EnBW Umspannwerk Wendlingen,,substation,380,380000;220000;110000,SRID=4326;POINT(9.40063139462492 48.6669424396984),9.400631395,48.66694244,,AC,,1,0,inf,PQ,,0
321,,,Poste électrique de Vogelgrun,,substation,220,400000,SRID=4326;POINT(7.5724373132812 48.0188749889275),7.572437313,48.01887499,,AC,,1,0,inf,PQ,,0
322,50,EnBW,220-kV-Umspannwerk Eichstetten,,substation,380,220000;110000,SRID=4326;POINT(7.75186249820802 48.0964057188536),7.751862498,48.09640572,,AC,,1,0,inf,PQ,,0
323,50,,Crossen,,substation,220,220000;110000,SRID=4326;POINT(12.4772465232803 50.7531200813148),12.47724652,50.75312008,,AC,,1,0,inf,PQ,,0
324,50,50Hertz,Umspannwerk Hagenwerder,HGW,substation,380,380000;110000,SRID=4326;POINT(14.9464972856333 51.0625862159619),14.94649729,51.06258622,,AC,,1,0,inf,PQ,,0
325,,PSE Operator,"Stacja elektroenergetyczna ""Mikułowa"" 400/220/110 kV",MIK,substation,380,400000;220000;110000,SRID=4326;POINT(15.1149907448572 51.0905795559394),15.11499074,51.09057956,,AC,,1,0,inf,PQ,,0
326,50,Vattenfall;ENSO Strom AG;DREWAG,Umspannwerk DD-Süd,,substation,380,380000;110000,SRID=4326;POINT(13.8412680841242 50.9901759359427),13.84126808,50.99017594,,AC,,1,0,inf,PQ,,0
327,50,50Hertz Transmission,Freiberg/Nord (380 kV),,substation,380,380000,SRID=4326;POINT(13.255555023675 50.9301782416399),13.25555502,50.93017824,,AC,,1,0,inf,PQ,,0
328,,Austrian Power Grid AG,Umspannwerk St. Peter,,substation,220,,SRID=4326;POINT(13.0818771201792 48.2565212405017),13.08187712,48.25652124,,AC,,1,0,inf,PQ,,0
329,,"Tennet, E.on Netz",Umspannwerk Simbach,,substation,220,220000,SRID=4326;POINT(13.0027821071279 48.261968265807),13.00278211,48.26196827,,AC,,1,0,inf,PQ,,0
330,50,"TenneT TSO GmbH, E.ON Netz GmbH",Umspannwerk Altheim,AHM,substation,220,220000;110000,SRID=4326;POINT(12.2208353620671 48.5857329876532),12.22083536,48.58573299,,AC,,1,0,inf,PQ,,0
331,50,"TenneT TSO GmbH, E.ON Netz GmbH",Umspannwerk Pirach,PI,substation,220,220000;110000,SRID=4326;POINT(12.7474442277007 48.1487558434787),12.74744423,48.14875584,,AC,,1,0,inf,PQ,,0
332,50,"TenneT TSO GmbH, E.ON Netz GmbH",Umspannwerk Pleinting,PT,substation,380,380000;220000;110000,SRID=4326;POINT(13.1034346393158 48.6667929606034),13.10343464,48.66679296,,AC,,1,0,inf,PQ,,0
333,50,TenneT,Umspannwerk Jardelund,,substation,380,380000;110000;20000,SRID=4326;POINT(9.19698235871826 54.8510986052119),9.196982359,54.85109861,,AC,,1,0,inf,PQ,,0
334,,,Umspannwerk Redwitz,RED,substation,380,380000;110000,SRID=4326;POINT(11.193727795361 50.1622144406172),11.1937278,50.16221444,,AC,,1,0,inf,PQ,,0
335,,TenneT TSO GmbH,Umspannwerk Oberhaid,OD,substation,380,380000,SRID=4326;POINT(10.8360157547717 49.9280673897058),10.83601575,49.92806739,,AC,,1,0,inf,PQ,,0
336,50,TenneT TSO GmbH;E.ON Netz GmbH,Umspannwerk Mechlenreuth,MH,substation,380,380000;220000;110000,SRID=4326;POINT(11.8107025453557 50.1837655260691),11.81070255,50.18376553,,AC,,1,0,inf,PQ,,0
337,,,Isar,IS,substation,380,380000,SRID=4326;POINT(12.2968837896062 48.6069099225677),12.29688379,48.60690992,,AC,,1,0,inf,PQ,,0
338,50,"TenneT TSO GmbH, E.ON Netz GmbH",Schwandorf,SD,substation,380,380000;220000;110000,SRID=4326;POINT(12.0822544456506 49.2974477669261),12.08225445,49.29744777,,AC,,1,0,inf,PQ,,0
339,50,,Beerfelden,,substation,220,220000;110000,SRID=4326;POINT(8.95368121281126 49.5674431691125),8.953681213,49.56744317,,AC,,1,0,inf,PQ,,0
340,50,50Hertz;enviaM,Umspannwerk Taucha,,substation,220,220000;110000,SRID=4326;POINT(12.4696440085589 51.3716629493371),12.46964401,51.37166295,,AC,,1,0,inf,PQ,,0
341,50,50Hertz Transmission;enviaM,Großdalzig,,substation,220,220000;110000,SRID=4326;POINT(12.2488239057592 51.1978824277899),12.24882391,51.19788243,,AC,,1,0,inf,PQ,,0
342,50,50Hertz,Wolkramshausen (220 kV),WK,substation,220,220000,SRID=4326;POINT(10.7346694298176 51.4401867580454),10.73466943,51.44018676,,AC,,1,0,inf,PQ,,0
343,50,,Pumpspeicherwerk Goldisthal,,substation,380,380000,SRID=4326;POINT(11.0049169149012 50.5074149690608),11.00491691,50.50741497,,AC,,1,0,inf,PQ,,0
344,50,eins-Energie,Niederwiesa,Nws,substation,220,220000;110000,SRID=4326;POINT(13.0025898987886 50.8659127196838),13.0025899,50.86591272,,AC,,1,0,inf,PQ,,0
345,50,50Hertz;enviaM,Umspannwerk Herlasgrün,Her,substation,220,220000;110000,SRID=4326;POINT(12.2428369226029 50.5674531670625),12.24283692,50.56745317,,AC,,1,0,inf,PQ,,0
346,50,50Hertz,Umspannwerk Reuter,,substation,380,380000;110000,SRID=4326;POINT(13.249028367237 52.5316238928337),13.24902837,52.53162389,,AC,,1,0,inf,PQ,,0
347,50,50Hertz,Umspannwerk Charlottenburg,,substation,380,380000;110000,SRID=4326;POINT(13.3155158513838 52.5219993683183),13.31551585,52.52199937,,AC,,1,0,inf,PQ,,0
348,,50Hertz;Stromnetz Berlin,Berlin/Mitte,,substation,380,380000;110000,SRID=4326;POINT(13.3686584616208 52.5031422115792),13.36865846,52.50314221,,AC,,1,0,inf,PQ,,0
349,,TenneT TSO GmbH;E.ON Netz GmbH,Umspannwerk Sittling,SIT,substation,220,220000;110000,SRID=4326;POINT(11.7924138446413 48.8382240226632),11.79241384,48.83822402,,AC,,1,0,inf,PQ,,0
350,50,TenneT TSO GmbH;E.ON Netz GmbH,Umspannwerk Ludersheim,LU,substation,220,220000;110000,SRID=4326;POINT(11.3269526751765 49.393473117636),11.32695268,49.39347312,,AC,,1,0,inf,PQ,,0
351,50,,Ingolstadt,IN,substation,380,380000;220000;110000,SRID=4326;POINT(11.5077305510922 48.7611239877457),11.50773055,48.76112399,,AC,,1,0,inf,PQ,,0
352,,,Zolling - Irsching,ZOL,substation,220,220000;110000,SRID=4326;POINT(11.8076056361242 48.4554267991033),11.80760564,48.4554268,,AC,,1,0,inf,PQ,,0
353,50,,Irsching,IRS,substation,380,380000;220000;110000,SRID=4326;POINT(11.5813705216127 48.7648940508515),11.58137052,48.76489405,,AC,,1,0,inf,PQ,,0
354,50,,Föhring,,substation,380,380000;110000,SRID=4326;POINT(11.6393121107521 48.1787834095237),11.63931211,48.17878341,,AC,,1,0,inf,PQ,,0
355,,SEO,Vianden,,substation,220,220000,SRID=4326;POINT(6.17791451185192 49.9530650802033),6.177914512,49.95306508,,AC,,1,0,inf,PQ,,0
356,50,Amprion,SA Bauler,,substation,220,220000,SRID=4326;POINT(6.21102031526762 49.9586257531557),6.211020315,49.95862575,,AC,,1,0,inf,PQ,,0
357,,,Flebour,,substation,220,220000;65000,SRID=4326;POINT(6.11451700702834 49.9053646588261),6.114517007,49.90536466,,AC,,1,0,inf,PQ,,0
358,,,Roost,,substation,220,220000;65000,SRID=4326;POINT(6.08346044961418 49.7764406189112),6.08346045,49.77644062,,AC,,1,0,inf,PQ,,0
359,,RTE,Poste électrique de Vigy,,substation,380,400000;225000,SRID=4326;POINT(6.27694178519793 49.1977400673896),6.276941785,49.19774007,,AC,,1,0,inf,PQ,,0
360,50,,Umspannanlage Ensdorf,,substation,380,380000;220000;110000,SRID=4326;POINT(6.77320783777607 49.2910742103854),6.773207838,49.29107421,,AC,,1,0,inf,PQ,,0
361,,RTE,Poste électrique de Saint-Avold,,substation,220,400000;225000;90000,SRID=4326;POINT(6.70365235663769 49.1385111923078),6.703652357,49.13851119,,AC,,1,0,inf,PQ,,0
362,50,,Laufenburg,,substation,380,380000;220000,SRID=4326;POINT(8.04936352422006 47.550881853478),8.049363524,47.55088185,,AC,,1,0,inf,PQ,,0
363,50,,Ratsbusch,,substation,220,220000,SRID=4326;POINT(7.50006173413631 51.535174092458),7.500061734,51.53517409,,AC,,1,0,inf,PQ,,0
364,,,Station Dhünnaue,,substation,220,220000;110000,SRID=4326;POINT(6.97593254033334 51.0376007284972),6.97593254,51.03760073,,AC,,1,0,inf,PQ,,0
365,,,Heizkraftwerk Reuter West,,generator,380,,SRID=4326;POINT(13.2428489964032 52.5349539946502),13.242849,52.53495399,,AC,,1,0,inf,PQ,,0
366,50,EnBW;TransnetBW;NetzeBW,Umspannwerk Bruchsal-Kändelweg,,substation,380,380000;110000,SRID=4326;POINT(8.56218193445384 49.132949935954),8.562181934,49.13294994,,AC,,1,0,inf,PQ,,0
367,50,EnBW,Philippsburg 380 kV,,substation,380,380000,SRID=4326;POINT(8.4413154852023 49.2514026469585),8.441315485,49.25140265,,AC,,1,0,inf,PQ,,0
368,,,Kavernenkraftwerk Wehr,,generator,380,,SRID=4326;POINT(7.94208128553147 47.6533415488354),7.942081286,47.65334155,,AC,,1,0,inf,PQ,,0
369,50,EON_Netz,Alfstedt,,substation,380,380000;110000,SRID=4326;POINT(9.06879105808819 53.5666414121342),9.068791058,53.56664141,,AC,,1,0,inf,PQ,,0
370,50,,UA Dillinger Hütte Mitte,,substation,220,220000,SRID=4326;POINT(6.7413761724965 49.3574919373628),6.741376173,49.35749194,,AC,,1,0,inf,PQ,,0
371,50,Amprion,UA Obergraben,,substation,220,220000,SRID=4326;POINT(6.74970009407096 49.3651763747607),6.749700094,49.36517637,,AC,,1,0,inf,PQ,,0
372,50,Amprion,Station Saarwellingen,,substation,220,220000;110000,SRID=4326;POINT(6.76601564520935 49.3600771523749),6.766015645,49.36007715,,AC,,1,0,inf,PQ,,0
373,,"TenneT TSO GmbH, E.ON Netz GmbH",Umspannwerk Regensburg,RE,substation,220,220000,SRID=4326;POINT(12.1504016214021 49.0127518128214),12.15040162,49.01275181,,AC,,1,0,inf,PQ,,0
374,50,RWE,Station Münster,,substation,220,220000;110000,SRID=4326;POINT(7.5913598406626 51.928441667004),7.591359841,51.92844167,,AC,,1,0,inf,PQ,,0
375,50,,Karlsruhe-Rintheim,,substation,220,220000;110000,SRID=4326;POINT(8.45154437251894 49.0074029130057),8.451544373,49.00740291,,AC,,1,0,inf,PQ,,0
376,50,,KW Heyden,,substation,380,380000,SRID=4326;POINT(8.99620817966153 52.379587985752),8.99620818,52.37958799,,AC,,1,0,inf,PQ,,0
377,50,EnBW,EnBW Umspannwerk Bünzwangen,BZW,substation,380,380000;110000,SRID=4326;POINT(9.56282337410874 48.7014898200493),9.562823374,48.70148982,,AC,,1,0,inf,PQ,,0
378,50,,EnBW Umspannwerk Altbach 1,,substation,380,380000;110000,SRID=4326;POINT(9.37084541589578 48.7191233300187),9.370845416,48.71912333,,AC,,1,0,inf,PQ,,0
379,,Netze BW,EnBW Umspannwerk Endersbach,,substation,380,380000;110000,SRID=4326;POINT(9.37760577643558 48.812606857093),9.377605776,48.81260686,,AC,,1,0,inf,PQ,,0
380,50,enercity Netzgesellschaft mbH,Lahe,LAH,substation,220,220000;110000,SRID=4326;POINT(9.82158380229154 52.4248552546066),9.821583802,52.42485525,,AC,,1,0,inf,PQ,,0
381,50,,Obrigheim,,substation,220,220000;110000,SRID=4326;POINT(9.0762254363019 49.3633869626072),9.076225436,49.36338696,,AC,,1,0,inf,PQ,,0
382,50,TenneT TSO GmbH,Umspannwerk Bergrheinfeld,BRF,substation,380,380000;220000;110000,SRID=4326;POINT(10.1602912689993 49.9891947837947),10.16029127,49.98919478,,AC,,1,0,inf,PQ,,0
383,50,,Schweinfurt,,substation,220,220000;110000,SRID=4326;POINT(10.1964915719944 50.0279724033143),10.19649157,50.0279724,,AC,,1,0,inf,PQ,,0
384,50,TenneT TSO GmbH;E.ON Netz GmbH,Umspannwerk Raitersaich,RAI,substation,380,380000;220000;110000,SRID=4326;POINT(10.8431177989998 49.3786926858391),10.8431178,49.37869269,,AC,,1,0,inf,PQ,,0
385,50,TenneT TSO GmbH;E.ON Netz GmbH,Umspannwerk Aschaffenburg,AS,substation,380,380000;220000;110000,SRID=4326;POINT(9.09051754868887 49.9700413735997),9.090517549,49.97004137,,AC,,1,0,inf,PQ,,0
386,,,Umspannwerk Lage,,substation,220,220000;110000,SRID=4326;POINT(8.8139941935628 51.9834366294197),8.813994194,51.98343663,,AC,,1,0,inf,PQ,,0
387,50,,Veltheim,,substation,220,220000;110000,SRID=4326;POINT(8.93221843866486 52.1933124298166),8.932218439,52.19331243,,AC,,1,0,inf,PQ,,0
388,50,EON_WestfalenWeser,Umspannwerk Meißen,,substation,220,220000;110000,SRID=4326;POINT(8.95904413219088 52.2784949764899),8.959044132,52.27849498,,AC,,1,0,inf,PQ,,0
389,50,TenneT TSO GmbH;E.ON Netz GmbH,Umspannwerk Trennfeld,TRE,substation,220,220000;110000,SRID=4326;POINT(9.59430158866246 49.7984427303145),9.594301589,49.79844273,,AC,,1,0,inf,PQ,,0
390,50,EON_Netz,Kriegenbrunn,KRI,substation,380,380000;110000,SRID=4326;POINT(10.9729038959004 49.5585073756737),10.9729039,49.55850738,,AC,,1,0,inf,PQ,,0
391,50,,Kraftwerkseinspeisung Staudinger,,substation,380,220000;110000,SRID=4326;POINT(8.95464412133747 50.0860157333265),8.954644121,50.08601573,,AC,,1,0,inf,PQ,,0
392,,,UW Stahlwerk ThyssenKrupp Nirosta,,substation,220,220000,SRID=4326;POINT(7.17590438914786 51.4755782506206),7.175904389,51.47557825,,AC,,1,0,inf,PQ,,0
393,50,EnBW,Umspannwerk Niederstotzingen,,substation,380,380000;110000,SRID=4326;POINT(10.231641549556 48.5297622792522),10.23164155,48.52976228,,AC,,1,0,inf,PQ,,0
394,50,EnBW,Umspannwerk Rotensohl,,substation,380,380000;110000,SRID=4326;POINT(10.2224539935941 48.7367522347984),10.22245399,48.73675223,,AC,,1,0,inf,PQ,,0
395,50,,380kV-Umspannwerk Grünkraut,,substation,380,380000;110000,SRID=4326;POINT(9.64533503255392 47.7445961090448),9.645335033,47.74459611,,AC,,1,0,inf,PQ,,0
396,50,LEW,Gundremmingen,Station 179 U,substation,380,380000;110000,SRID=4326;POINT(10.4015868558303 48.5099297352537),10.40158686,48.50992974,,AC,,1,0,inf,PQ,,0
397,,TenneT,Umspannwerk Karben,,substation,380,380000;110000,SRID=4326;POINT(8.80962330905886 50.2034748086043),8.809623309,50.20347481,,AC,,1,0,inf,PQ,,0
398,50,TenneT,Audorf,,substation,380,380000;110000,SRID=4326;POINT(9.72460611042234 54.2882702503445),9.72460611,54.28827025,,AC,,1,0,inf,PQ,,0
399,,,Umspannwerk Weilimdorf,,substation,220,220000;110000,SRID=4326;POINT(9.09714220939812 48.8277618380686),9.097142209,48.82776184,,AC,,1,0,inf,PQ,,0
400,50,Stadtwerke Bielefeld GmbH,Umspannwerk Bielefeld Ost,,substation,220,220000;110000,SRID=4326;POINT(8.62886493303814 51.9936340707213),8.628864933,51.99363407,,AC,,1,0,inf,PQ,,0
401,50,TenneT,Umspannwerk Kiel West,,substation,220,220000;110000,SRID=4326;POINT(10.0604081018258 54.3487708201584),10.0604081,54.34877082,,AC,,1,0,inf,PQ,,0
402,50,TenneT TSO GmbH,Itzehoe/West,,substation,220,220000;110000,SRID=4326;POINT(9.44963652666114 53.967286497351),9.449636527,53.9672865,,AC,,1,0,inf,PQ,,0
403,50,Amprion,Tiengen,,substation,380,380000;220000;110000,SRID=4326;POINT(8.25885994832776 47.6342116213731),8.258859948,47.63421162,,AC,,1,0,inf,PQ,,0
404,,,Betznau,,substation,380,380000;220000,SRID=4326;POINT(8.23209442033504 47.5561434831307),8.23209442,47.55614348,,AC,,1,0,inf,PQ,,0
405,,ALPIQ AXPO,Asphard,,substation,380,380000,SRID=4326;POINT(7.75259055668336 47.5391330214816),7.752590557,47.53913302,,AC,,1,0,inf,PQ,,0
406,50,,Beuren,,substation,220,220000;110000,SRID=4326;POINT(8.86152575255362 47.8064353220893),8.861525753,47.80643532,,AC,,1,0,inf,PQ,,0
409,50,EnBW AG,Umspannwerk Mühlhausen,,substation,380,380000;110000,SRID=4326;POINT(9.21565014323537 48.8523053231829),9.215650143,48.85230532,,AC,,1,0,inf,PQ,,0
410,,Kernkraftwerk Gundremmingen GmbH,Kernkraftwerk Gundremmingen,KRB,plant,380,,SRID=4326;POINT(10.4012813869114 48.5146084080517),10.40128139,48.51460841,,AC,,1,0,inf,PQ,,0
411,50,TenneT,Umspannwerk Paderborn Süd,,substation,220,220000;110000,SRID=4326;POINT(8.73757268935919 51.7001692737445),8.737572689,51.70016927,,AC,,1,0,inf,PQ,,0
412,50,TenneT;EON_Netz,Lübeck,,substation,220,220000;110000,SRID=4326;POINT(10.6414677086397 53.9191626884641),10.64146771,53.91916269,,AC,,1,0,inf,PQ,,0
413,50,EnBW,Umspannwerk Wiesloch,,substation,380,380000;220000;110000,SRID=4326;POINT(8.67371728898445 49.2904393851271),8.673717289,49.29043939,,AC,,1,0,inf,PQ,,0
414,50,,Götzdorf,,substation,220,220000,SRID=4326;POINT(9.48789502699389 53.6365577623199),9.487895027,53.63655776,,AC,,1,0,inf,PQ,,0
415,50,TenneT,Abbenfleth,,substation,220,220000,SRID=4326;POINT(9.49151079250535 53.6580982806881),9.491510793,53.65809828,,AC,,1,0,inf,PQ,,0
416,,,Poste électrique de Sierentz,,substation,380,400000,SRID=4326;POINT(7.47226685748746 47.6466103447741),7.472266857,47.64661034,,AC,,1,0,inf,PQ,,0
417,,,Freiluftschaltanlage KW Schärding-Neuhaus,,substation,220,220000,SRID=4326;POINT(13.4428541936116 48.4345463643775),13.44285419,48.43454636,,AC,,1,0,inf,PQ,,0
418,,,Jochenstein,,substation,220,220000,SRID=4326;POINT(13.7106901040113 48.5193051606747),13.7106901,48.51930516,,AC,,1,0,inf,PQ,,0
421,50,,Umspannwerk Hüffenhardt,,substation,380,380000;220000;110000,SRID=4326;POINT(9.09183529743294 49.2946188662059),9.091835297,49.29461887,,AC,,1,0,inf,PQ,,0
422,50,Stadtwerke Heidelberg Netze GmbH,Umspannanlage Heidelberg-Süd,,substation,220,220000;110000,SRID=4326;POINT(8.66378315807233 49.3600873718872),8.663783158,49.36008737,,AC,,1,0,inf,PQ,,0
423,,Schluchseewerk AG,Kavernenkraftwerk Säckingen,,generator,220,,SRID=4326;POINT(7.95849127307054 47.5791483196323),7.958491273,47.57914832,,AC,,1,0,inf,PQ,,0
424,50,,Karlsruhe-West,,substation,220,220000;110000,SRID=4326;POINT(8.34912612288763 49.0130521177978),8.349126123,49.01305212,,AC,,1,0,inf,PQ,,0
425,50,Salzgitter AG,,,substation,220,220000,SRID=4326;POINT(10.4203895577612 52.1652004276784),10.42038956,52.16520043,,AC,,1,0,inf,PQ,,0
426,,,,,substation,220,220000,SRID=4326;POINT(10.3884721771883 52.1513649329361),10.38847218,52.15136493,,AC,,1,0,inf,PQ,,0
427,50,EnBW AG,,,substation,380,380000,SRID=4326;POINT(8.30626265141083 49.0128258362562),8.306262651,49.01282584,,AC,,1,0,inf,PQ,,0
428,,Vattenfall Europe,Kraftwerk Jänschwalde,,plant,380,,SRID=4326;POINT(14.4598868223649 51.8332759246019),14.45988682,51.83327592,,AC,,1,0,inf,PQ,,0
429,50,,Siersdorf,,substation,380,380000;110000,SRID=4326;POINT(6.21619297137216 50.9123617956925),6.216192971,50.9123618,,AC,,1,0,inf,PQ,,0
430,,TenneT,380kV Maasbracht,,substation,380,380000,SRID=4326;POINT(5.91852734477995 51.1484263858426),5.918527345,51.14842639,,AC,,1,0,inf,PQ,,0
431,50,Amprion,Kirchberg Süd,,auxillary_T_node,380,380000,SRID=4326;POINT(6.2140153990158 50.9438998573728),6.214015399,50.94389986,,AC,,1,0,inf,PQ,,0
432,,TIWAG-Netz AG,Silz,,substation,220,220000;110000,SRID=4326;POINT(10.9662583424068 47.2695304688802),10.96625834,47.26953047,,AC,,1,0,inf,PQ,,0
433,50,E.ON Netz GmbH,Umspannwerk Krün,,substation,220,220000;110000,SRID=4326;POINT(11.2777210418419 47.4958726669837),11.27772104,47.49587267,,AC,,1,0,inf,PQ,,0
434,50,,Silz (AT) - Krün (DE) - Oberbrunn,250;251,auxillary_T_node,220,220000,SRID=4326;POINT(11.2869438320852 47.4928624569052),11.28694383,47.49286246,,AC,,1,0,inf,PQ,,0
435,50,50Hertz,302 Marzahn - Thyrow,302,auxillary_T_node,220,220000,SRID=4326;POINT(13.5053368398164 52.4747788520482),13.50533684,52.47477885,,AC,,1,0,inf,PQ,,0
436,50,EnBW; Energiedienst,Umspannwerk Villingen,,substation,380,380000;110000,SRID=4326;POINT(8.46542980021065 48.0435236210637),8.4654298,48.04352362,,AC,,1,0,inf,PQ,,0
437,50,EnBW,ENGST-KUHMO-VILLI,7630,auxillary_T_node,380,380000,SRID=4326;POINT(8.53055554991256 47.9148481845625),8.53055555,47.91484818,,AC,,1,0,inf,PQ,,0
438,50,,220-kV-Umspannwerk Kuppenheim,,substation,220,220000;110000,SRID=4326;POINT(8.24872901623214 48.8463165189067),8.248729016,48.84631652,,AC,,1,0,inf,PQ,,0
439,50,EnBW,Daxlanden - Weier,DAXLA-KUMRA-WEIER,auxillary_T_node,220,220000,SRID=4326;POINT(8.24975045659741 48.8491773731136),8.249750457,48.84917737,,AC,,1,0,inf,PQ,,0
440,50,TenneT,202,202,auxillary_T_node,220,220000,SRID=4326;POINT(9.45967747872262 53.8646574512707),9.459677479,53.86465745,,AC,,1,0,inf,PQ,,0
441,50,50Hertz;EON_TEAG,Großschwabhausen,,substation,380,380000;110000,SRID=4326;POINT(11.4703941249156 50.9303902294723),11.47039412,50.93039023,,AC,,1,0,inf,PQ,,0
442,50,50Hertz,415,415,auxillary_T_node,380,380000,SRID=4326;POINT(11.4299065773025 50.9114464610955),11.42990658,50.91144646,,AC,,1,0,inf,PQ,,0
443,50,TenneT,Umspannwerk Rhede,RHED,substation,380,380000,SRID=4326;POINT(7.25465688214231 53.0266716315927),7.254656882,53.02667163,,AC,,1,0,inf,PQ,,0
444,50,Amprion;TenneT,Emsland West,305,auxillary_T_node,380,380000,SRID=4326;POINT(7.25501773539194 53.0267136928067),7.255017735,53.02671369,,AC,,1,0,inf,PQ,,0
445,50,Amprion,Amelsbüren,,auxillary_T_node,220,220000,SRID=4326;POINT(7.37185639416872 52.1977066547834),7.371856394,52.19770665,,AC,,1,0,inf,PQ,,0
446,50,50Hertz Transmission,Umspannwerk Windpark Iven,,substation,220,220000,SRID=4326;POINT(13.399828840425 53.7944477778114),13.39982884,53.79444778,,AC,,1,0,inf,PQ,,0
447,50,50Hertz Transmission,316,316,auxillary_T_node,220,220000,SRID=4326;POINT(13.3984708281663 53.7933318754816),13.39847083,53.79333188,,AC,,1,0,inf,PQ,,0
448,50,Amprion,Schwerterheide Nord,,auxillary_T_node,380,380000,SRID=4326;POINT(7.42474524551043 51.4592583943398),7.424745246,51.45925839,,AC,,1,0,inf,PQ,,0
449,50,Amprion,Oerkhaus West,,auxillary_T_node,380,380000,SRID=4326;POINT(7.12336046768833 51.4473443869048),7.123360468,51.44734439,,AC,,1,0,inf,PQ,,0
450,50,RWE;DSW 21; AVU,Station Kruckel,,substation,380,380000;220000;110000,SRID=4326;POINT(7.41670791195847 51.4570521583476),7.416707912,51.45705216,,AC,,1,0,inf,PQ,,0
451,50,Amprion,Witten West,,auxillary_T_node,380,380000,SRID=4326;POINT(7.41658261384975 51.4607823586596),7.416582614,51.46078236,,AC,,1,0,inf,PQ,,0
452,,Amprion; Westnetz,Station Dahlem,,substation,380,380000;110000,SRID=4326;POINT(6.53175001008574 50.39005126464),6.53175001,50.39005126,,AC,,1,0,inf,PQ,,0
453,50,Amprion,Selhausen West,,auxillary_T_node,380,380000,SRID=4326;POINT(6.53303653131644 50.3922427776709),6.533036531,50.39224278,,AC,,1,0,inf,PQ,,0
454,50,Amprion,Neurath 2b,,auxillary_T_node,380,380000,SRID=4326;POINT(6.60879226770999 51.0346787720857),6.608792268,51.03467877,,AC,,1,0,inf,PQ,,0
455,50,,Station Rath,,substation,380,380000,SRID=4326;POINT(6.80890624663756 51.2686075940546),6.808906247,51.26860759,,AC,,1,0,inf,PQ,,0
456,50,Amprion,Meerbusch West,,auxillary_T_node,380,380000,SRID=4326;POINT(6.72033167479422 51.3441235773954),6.720331675,51.34412358,,AC,,1,0,inf,PQ,,0
457,50,Amprion,Hochlarmark West,,auxillary_T_node,220,220000,SRID=4326;POINT(7.13937473425833 51.5608313916517),7.139374734,51.56083139,,AC,,1,0,inf,PQ,,0
458,50,Amprion,Haarstrang Ost,,auxillary_T_node,380,220000,SRID=4326;POINT(7.41946378046051 51.4575100936229),7.41946378,51.45751009,,AC,,1,0,inf,PQ,,0
459,,RWE,Station Welper,,substation,220,220000,SRID=4326;POINT(7.19597933005019 51.4115753148661),7.19597933,51.41157531,,AC,,1,0,inf,PQ,,0
460,50,Amprion,Welper Ost,,auxillary_T_node,220,220000,SRID=4326;POINT(7.17920262035811 51.4218244823956),7.17920262,51.42182448,,AC,,1,0,inf,PQ,,0
461,50,,Rheinzink,,substation,220,220000,SRID=4326;POINT(7.32427958320741 51.6213874676194),7.324279583,51.62138747,,AC,,1,0,inf,PQ,,0
462,50,Amprion,Elmenhorst Süd,,auxillary_T_node,220,220000,SRID=4326;POINT(7.34371334412713 51.6131049439167),7.343713344,51.61310494,,AC,,1,0,inf,PQ,,0
463,50,Amprion,Utfort West,,auxillary_T_node,220,220000,SRID=4326;POINT(6.52272548882226 51.3224954692993),6.522725489,51.32249547,,AC,,1,0,inf,PQ,,0
464,50,RWE,Station Bollenacker,,substation,220,220000;110000,SRID=4326;POINT(6.96330545403678 50.8337629177582),6.963305454,50.83376292,,AC,,1,0,inf,PQ,,0
465,50,Amprion,Godorf Ost,,auxillary_T_node,220,220000,SRID=4326;POINT(6.92909269080674 50.8441529722133),6.929092691,50.84415297,,AC,,1,0,inf,PQ,,0
466,,Westnetz,Station Stockem,,substation,220,220000;110000,SRID=4326;POINT(7.09582671880563 50.8268716757217),7.095826719,50.82687168,,AC,,1,0,inf,PQ,,0
467,50,Amprion,Gremberghoven Ost,,auxillary_T_node,220,220000,SRID=4326;POINT(7.09435790958289 50.8269670893312),7.09435791,50.82696709,,AC,,1,0,inf,PQ,,0
468,50,Amprion,Station Ossenberg,,substation,220,220000;110000,SRID=4326;POINT(6.57729057687864 51.5563911802085),6.577290577,51.55639118,,AC,,1,0,inf,PQ,,0
469,50,Amprion,Wesel Ost,,auxillary_T_node,220,220000,SRID=4326;POINT(6.65066741434228 51.5537022721424),6.650667414,51.55370227,,AC,,1,0,inf,PQ,,0
470,50,Amprion,Uentrop Nord,,auxillary_T_node,380,380000,SRID=4326;POINT(7.82599043340792 51.7500675542728),7.825990433,51.75006755,,AC,,1,0,inf,PQ,,0
471,50,Amprion,Olefin West,,auxillary_T_node,220,220000,SRID=4326;POINT(6.9289790539233 50.84381694694),6.928979054,50.84381695,,AC,,1,0,inf,PQ,,0
472,50,Amprion,Station Enniger,,substation,380,380000;110000,SRID=4326;POINT(7.9939591196577 51.823095434189),7.99395912,51.82309543,,AC,,1,0,inf,PQ,,0
473,50,Amprion,Gersteinwerk Ost,,auxillary_T_node,380,380000,SRID=4326;POINT(7.83402074322725 51.7550403464858),7.834020743,51.75504035,,AC,,1,0,inf,PQ,,0
474,50,TenneT TSO GmbH;Avacon AG,Wechold,,substation,220,220000;110000,SRID=4326;POINT(9.14517687189382 52.8532464360106),9.145176872,52.85324644,,AC,,1,0,inf,PQ,,0
475,50,TenneT,Leitung 2010/2023,1,auxillary_T_node,220,220000,SRID=4326;POINT(9.13794792584036 52.8470269944345),9.137947926,52.84702699,,AC,,1,0,inf,PQ,,0
476,50,RWE,Station Hesseln,,substation,220,220000;110000,SRID=4326;POINT(8.31888925383353 52.0660374597241),8.318889254,52.06603746,,AC,,1,0,inf,PQ,,0
477,50,Amprion,Halle West,,auxillary_T_node,220,220000,SRID=4326;POINT(8.33466775124759 52.07052004268),8.334667751,52.07052004,,AC,,1,0,inf,PQ,,0
478,50,Amprion,Geithe West,,auxillary_T_node,380,380000,SRID=4326;POINT(7.9818783185962 51.6766515664854),7.981878319,51.67665157,,AC,,1,0,inf,PQ,,0
479,50,,Erzhausen,,substation,220,220000,SRID=4326;POINT(9.92382983732643 51.8975617615529),9.923829837,51.89756176,,AC,,1,0,inf,PQ,,0
480,50,TenneT,Leitung 2030/2001,2030/2001,auxillary_T_node,220,220000,SRID=4326;POINT(9.8524162497002 51.8987652474175),9.85241625,51.89876525,,AC,,1,0,inf,PQ,,0
481,50,,Leitung 3019/3026/3027,3019;3026;3027,auxillary_T_node,380,380000,SRID=4326;POINT(9.4136812208929 52.0274828920508),9.413681221,52.02748289,,AC,,1,0,inf,PQ,,0
482,50,TenneT,Leitung 2019/2027/2029,2,auxillary_T_node,220,220000,SRID=4326;POINT(10.3552149923206 52.1758109606876),10.35521499,52.17581096,,AC,,1,0,inf,PQ,,0
483,50,LEW,Umspannwerk Bidingen Nr. 697 S,,substation,380,380000;110000,SRID=4326;POINT(10.7027318899547 47.8264597977002),10.70273189,47.8264598,,AC,,1,0,inf,PQ,,0
484,,,K12,,auxillary_T_node,380,380000,SRID=4326;POINT(10.7037422782749 47.826415980499),10.70374228,47.82641598,,AC,,1,0,inf,PQ,,0
485,50,LEW,Umspannwerk Memmingen,,substation,220,220000;110000,SRID=4326;POINT(10.1949334440241 47.9709368782958),10.19493344,47.97093688,,AC,,1,0,inf,PQ,,0
486,50,,Umspannstation Irsingen,,substation,220,220000;110000,SRID=4326;POINT(10.6412867739286 48.0274512409907),10.64128677,48.02745124,,AC,,1,0,inf,PQ,,0
487,,,,O11,auxillary_T_node,220,220000,SRID=4326;POINT(10.6418025411196 48.0258492685192),10.64180254,48.02584927,,AC,,1,0,inf,PQ,,0
488,,,HD-Neurott - Hüffenhardt,,auxillary_T_node,380,380000,SRID=4326;POINT(8.67009921732699 49.3092022842852),8.670099217,49.30920228,,AC,,1,0,inf,PQ,,0
489,,transpower,Vörden,,substation,380,380000;110000,SRID=4326;POINT(9.22808874457675 51.8124533663924),9.228088745,51.81245337,,AC,,1,0,inf,PQ,,0
490,,TenneT,,3012,auxillary_T_node,380,380000,SRID=4326;POINT(9.23187002273009 51.810119094224),9.231870023,51.81011909,,AC,,1,0,inf,PQ,,0
491,50,,Delmensingen - Niederstotzingen - Rotensohl,,auxillary_T_node,380,380000,SRID=4326;POINT(10.2341629653667 48.5289320393823),10.23416297,48.52893204,,AC,,1,0,inf,PQ,,0
492,,TenneT;Mainova,Umspannwerk Frankfurt Nord,,substation,220,220000;110000,SRID=4326;POINT(8.73513573367143 50.1591915403542),8.735135734,50.15919154,,AC,,1,0,inf,PQ,,0
493,50,EON_Netz,Dörnigheim 110 kV,DOEH,substation,220,110000,SRID=4326;POINT(8.87225963914833 50.1297253197387),8.872259639,50.12972532,,AC,,1,0,inf,PQ,,0
494,,,Staudinger - Dörnigheim - Frankfurt Nord,,auxillary_T_node,220,220000,SRID=4326;POINT(8.74326052934848 50.1623379810729),8.743260529,50.16233798,,AC,,1,0,inf,PQ,,0
495,50,TenneT TSO GmbH,Audorf - Jardelund,,auxillary_T_node,380,380000,SRID=4326;POINT(9.33223016559803 54.7210227584184),9.332230166,54.72102276,,AC,,1,0,inf,PQ,,0
2_220kV,50,TenneT,Umspannwerk Kraftwerk Robert Frank,,substation,220,220000,SRID=4326;POINT(9.11321007472722 52.5438533223737),9.113210075,52.54385332,,AC,,1,0,inf,PQ,,0
5_220kV,50,TenneT,Wahle,,substation,220,380000;220000,SRID=4326;POINT(10.3662749375017 52.2846467462009),10.36627494,52.28464675,,AC,,1,0,inf,PQ,,0
10_220kV,,50Hertz Transmission GmbH;E.ON edis AG,Wustermark,Wu,substation,220,380000;220000;110000,SRID=4326;POINT(12.9416466019288 52.5621144045848),12.9416466,52.5621144,,AC,,1,0,inf,PQ,,0
12_220kV,50,50Hertz Transmission GmbH,Neuenhagen,NHG TCC,substation,220,380000;220000;110000,SRID=4326;POINT(13.7096697058228 52.5397952580643),13.70966971,52.53979526,,AC,,1,0,inf,PQ,,0
13_220kV,,TenneT TSO GmbH;E.ON Netz GmbH,Umspannwerk Oberbachern,OBA,substation,220,380000;220000;110000,SRID=4326;POINT(11.3704262486892 48.2914922329548),11.37042625,48.29149223,,AC,,1,0,inf,PQ,,0
15_220kV,50,TenneT TSO GmbH,Umspannwerk Ottenhofen,OH,substation,220,380000;220000,SRID=4326;POINT(11.8681562938884 48.2068029185353),11.86815629,48.20680292,,AC,,1,0,inf,PQ,,0
18_220kV,,50Hertz,Umspannwerk Lubmin,,substation,220,380000;220000,SRID=4326;POINT(13.6834769666546 54.1390906406635),13.68347697,54.13909064,,AC,,1,0,inf,PQ,,0
20_220kV,50,50Hertz Transmission,Umspannwerk Hamburg-Nord,,substation,220,380000;220000;110000,SRID=4326;POINT(9.98460982000897 53.7411287759659),9.98460982,53.74112878,,AC,,1,0,inf,PQ,,0
22_220kV,50,50Hertz Transmission,Umspannwerk Kernkraftwerk Brunsbüttel,,substation,220,380000;220000;110000,SRID=4326;POINT(9.20210420095253 53.8951574100045),9.202104201,53.89515741,,AC,,1,0,inf,PQ,,0
24_220kV,50,TenneT;Schleswig-Holstein Netz AG,Audorf,,substation,220,220000;110000,SRID=4326;POINT(9.72699196993402 54.2914209867842),9.72699197,54.29142099,,AC,,1,0,inf,PQ,,0
26_220kV,,,Brokdorf,,substation,220,380000;220000,SRID=4326;POINT(9.34400177215961 53.8517774635399),9.344001772,53.85177746,,AC,,1,0,inf,PQ,,0
30_220kV,50,,Dollern,,substation,220,380000;220000;110000,SRID=4326;POINT(9.5017896678173 53.5428143723363),9.501789668,53.54281437,,AC,,1,0,inf,PQ,,0
32_220kV,50,50Hertz Transmission GmbH,Umspannwerk Vieselbach,,substation,220,380000;220000;110000,SRID=4326;POINT(11.1228545605428 50.9989090670144),11.12285456,50.99890907,,AC,,1,0,inf,PQ,,0
37_220kV,,50Hertz Transmission GmbH,Umspannwerk Wolmirstedt,,substation,220,380000;220000,SRID=4326;POINT(11.6389127631156 52.2687346818467),11.63891276,52.26873468,,AC,,1,0,inf,PQ,,0
42_220kV,50,50Hertz,Güstrow,,substation,220,380000;220000,SRID=4326;POINT(12.1869848227216 53.8157751724384),12.18698482,53.81577517,,AC,,1,0,inf,PQ,,0
46_220kV,50,50Hertz,Umspannwerk Marzahn,MZA9,substation,220,380000;220000;110000,SRID=4326;POINT(13.5241987309997 52.5356342713481),13.52419873,52.53563427,,AC,,1,0,inf,PQ,,0
52_220kV,50,EnBW,Karlsruhe-Daxlanden,,substation,220,380000;220000;110000,SRID=4326;POINT(8.3133401659254 49.0090434643525),8.313340166,49.00904346,,AC,,1,0,inf,PQ,,0
56_220kV,50,EnBW,Umspannwerk Neurott,,substation,220,380000;220000,SRID=4326;POINT(8.62320967451897 49.3565822492832),8.623209675,49.35658225,,AC,,1,0,inf,PQ,,0
61_220kV,50,Avacon AG,Umspannwerk Farge,FARG,substation,220,110000,SRID=4326;POINT(8.51888180951659 53.2026352836834),8.51888181,53.20263528,,AC,,1,0,inf,PQ,,0
68_220kV,,RWE,Umspannwerk Urberach,,substation,220,380000;220000;110000,SRID=4326;POINT(8.77244296019056 49.974668665137),8.77244296,49.97466867,,AC,,1,0,inf,PQ,,0
69_220kV,50,RWE,Station Bürstadt,,substation,220,380000;220000,SRID=4326;POINT(8.41937105938048 49.6337356823792),8.419371059,49.63373568,,AC,,1,0,inf,PQ,,0
74_220kV,50,50Hertz,Umspannwerk Ragow,RAG,substation,220,380000;110000,SRID=4326;POINT(13.9024346886892 51.8747235190459),13.90243469,51.87472352,,AC,,1,0,inf,PQ,,0
78_220kV,50,50Hertz Transmission GmbH,Umspannwerk Remptendorf,RDF;RE,substation,220,380000;220000;110000,SRID=4326;POINT(11.6463786274424 50.534876971042),11.64637863,50.53487697,,AC,,1,0,inf,PQ,,0
86_220kV,50,Amprion,Hanekenfähr,,substation,220,380000;220000;110000,SRID=4326;POINT(7.30820430094578 52.4768353862806),7.308204301,52.47683539,,AC,,1,0,inf,PQ,,0
87_220kV,50,RWE,Station Kusenhorst,,substation,220,380000;220000;110000,SRID=4326;POINT(7.06030699176008 51.6964760130648),7.060306992,51.69647601,,AC,,1,0,inf,PQ,,0
94_220kV,50,Amprion,Wehrendorf,,substation,220,380000;220000;110000,SRID=4326;POINT(8.30775689679575 52.3456356447783),8.307756897,52.34563564,,AC,,1,0,inf,PQ,,0
95_220kV,50,Amprion,Station Westerkappeln,,substation,220,380000;220000;110000,SRID=4326;POINT(7.88957671235007 52.2773967624078),7.889576712,52.27739676,,AC,,1,0,inf,PQ,,0
96_220kV,50,,Benteler Stahlwerk,,substation,220,220000,SRID=4326;POINT(7.31784994377907 52.4691114902799),7.317849944,52.46911149,,AC,,1,0,inf,PQ,,0
99_220kV,50,Amprion,Umspannwerk Uchtelfangen,,substation,220,380000;220000;110000,SRID=4326;POINT(6.99647659179489 49.3754093063084),6.996476592,49.37540931,,AC,,1,0,inf,PQ,,0
100_220kV,50,Amprion; Westnetz,Station Niederstedem,,substation,220,380000;220000;110000,SRID=4326;POINT(6.47473977006816 49.9224692993999),6.47473977,49.9224693,,AC,,1,0,inf,PQ,,0
104_220kV,50,RWE,Station Büscherhof,,substation,220,380000;220000,SRID=4326;POINT(6.92675896360373 51.4992056838496),6.926758964,51.49920568,,AC,,1,0,inf,PQ,,0
105_220kV,,RWE,Station Niederrhein,,substation,220,380000;220000;110000,SRID=4326;POINT(6.68078798893986 51.6462959356851),6.680787989,51.64629594,,AC,,1,0,inf,PQ,,0
106_220kV,50,Amprion,Station Hattingen,,substation,220,380000;220000;110000,SRID=4326;POINT(7.16721460965932 51.3899067582106),7.16721461,51.38990676,,AC,,1,0,inf,PQ,,0
107_220kV,50,RWE,Station Eiberg,,substation,220,380000;220000,SRID=4326;POINT(7.1255729106725 51.4489772588145),7.125572911,51.44897726,,AC,,1,0,inf,PQ,,0
117_220kV,,RWE,Station Sechtem,,substation,220,380000;220000;110000,SRID=4326;POINT(6.97257742700703 50.795693017514),6.972577427,50.79569302,,AC,,1,0,inf,PQ,,0
120_220kV,50,RWE,Station Dauersberg,,substation,220,380000;220000;110000,SRID=4326;POINT(7.86394571365263 50.7682419129404),7.863945714,50.76824191,,AC,,1,0,inf,PQ,,0
123_220kV,50,RWE,Station Rommerskirchen,,substation,220,380000;220000,SRID=4326;POINT(6.70220337779745 51.0088609096753),6.702203378,51.00886091,,AC,,1,0,inf,PQ,,0
124_220kV,50,,KW Neurath,,substation,220,380000;220000;110000,SRID=4326;POINT(6.61240231530956 51.0359242594819),6.612402315,51.03592426,,AC,,1,0,inf,PQ,,0
125_220kV,,RWE,Station Opladen,,substation,220,380000;220000;110000,SRID=4326;POINT(6.96568442352005 51.0693295322353),6.965684424,51.06932953,,AC,,1,0,inf,PQ,,0
128_220kV,50,Amprion,Station Weißenthurm,,substation,220,380000;220000;110000,SRID=4326;POINT(7.44948529010545 50.4025276621126),7.44948529,50.40252766,,AC,,1,0,inf,PQ,,0
129_220kV,50,RWE,Station Osterath,,substation,220,220000;110000,SRID=4326;POINT(6.62582790177014 51.2606098249047),6.625827902,51.26060982,,AC,,1,0,inf,PQ,,0
138_220kV,,,Kraftwerk Scholven,,generator,220,,SRID=4326;POINT(7.00674987859998 51.5999114220203),7.006749879,51.59991142,,AC,,1,0,inf,PQ,,0
143_220kV,,E.On Kraftwerke GmbH,Kraftwerk Knepper,,generator,220,,SRID=4326;POINT(7.35135784054859 51.568368608134),7.351357841,51.56836861,,AC,,1,0,inf,PQ,,0
156_220kV,,,Kraftwerkschaltanlage Knapsack 1,,substation,220,380000;220000,SRID=4326;POINT(6.84223115147656 50.8598647243573),6.842231151,50.85986472,,AC,,1,0,inf,PQ,,0
157_220kV,50,Amprion,Station Gütersloh,,substation,220,380000;220000;110000,SRID=4326;POINT(8.364229530696 51.9271204904611),8.364229531,51.92712049,,AC,,1,0,inf,PQ,,0
159_220kV,50,TenneT,Conneforde,CONN,substation,220,380000;220000;110000,SRID=4326;POINT(8.05408735442182 53.3323026933898),8.054087354,53.33230269,,AC,,1,0,inf,PQ,,0
160_220kV,50,EON_Netz,Kernkraftwerk Unterweser,,substation,220,380000;220000,SRID=4326;POINT(8.47791063608626 53.428485468955),8.477910636,53.42848547,,AC,,1,0,inf,PQ,,0
165_220kV,50,Amprion,Station Gersteinwerk,,substation,220,380000;220000;110000,SRID=4326;POINT(7.70831848872651 51.6762033088437),7.708318489,51.67620331,,AC,,1,0,inf,PQ,,0
184_220kV,50,Amprion,Station Utfort,,substation,220,380000;220000;110000,SRID=4326;POINT(6.61738109142906 51.4757909635544),6.617381091,51.47579096,,AC,,1,0,inf,PQ,,0
191_220kV,50,Amprion,Station Walsum,,substation,220,220000;110000,SRID=4326;POINT(6.71525259691926 51.5267908666491),6.715252597,51.52679087,,AC,,1,0,inf,PQ,,0
195_220kV,,,Station Möllen,,substation,220,220000,SRID=4326;POINT(6.68310697663871 51.5756455059265),6.683106977,51.57564551,,AC,,1,0,inf,PQ,,0
201_220kV,50,EON_Netz,Sottrum,,substation,220,380000;220000;110000,SRID=4326;POINT(9.25103425143703 53.1144323051271),9.251034251,53.11443231,,AC,,1,0,inf,PQ,,0
220_220kV,50,TenneT,Umspannwerk Bechterdissen,,substation,220,380000;220000;110000,SRID=4326;POINT(8.65937290290079 51.9996101318907),8.659372903,51.99961013,,AC,,1,0,inf,PQ,,0
231_220kV,50,Schluchseewerk AG,Lastverteilung/Schaltanlage Kühmoos,,substation,220,380000;220000,SRID=4326;POINT(7.95805402328778 47.5954722640613),7.958054023,47.59547226,,AC,,1,0,inf,PQ,,0
232_220kV,50,LEW,Vöhringen LEW,Station Nr. 625,substation,220,380000;220000;110000,SRID=4326;POINT(10.0837512706734 48.268867515302),10.08375127,48.26886752,,AC,,1,0,inf,PQ,,0
233_220kV,50,EnBW,Umspannwerk Dellmensingen,,substation,220,380000;220000;110000,SRID=4326;POINT(9.88551509756969 48.3040743584705),9.885515098,48.30407436,,AC,,1,0,inf,PQ,,0
236_220kV,50,EnBW,Umspannwerk Hoheneck EnBW,,substation,220,220000;110000,SRID=4326;POINT(9.19675652645089 48.9129634380259),9.196756526,48.91296344,,AC,,1,0,inf,PQ,,0
247_220kV,50,Amprion,Schaltanlage Leupolz,,substation,220,380000;220000,SRID=4326;POINT(10.363384232266 47.7383368092793),10.36338423,47.73833681,,AC,,1,0,inf,PQ,,0
248_220kV,,Trianel,Trianel Kraftwerk Lünen,,generator,220,,SRID=4326;POINT(7.46150025901999 51.6146143079042),7.461500259,51.61461431,,AC,,1,0,inf,PQ,,0
250_220kV,,,Gersteinwerk Block F,,generator,220,,SRID=4326;POINT(7.71554341949648 51.6736430744508),7.71554342,51.67364307,,AC,,1,0,inf,PQ,,0
251_220kV,,,Gersteinwerk Block G,,generator,220,,SRID=4326;POINT(7.71459453349968 51.6730996381138),7.714594534,51.67309964,,AC,,1,0,inf,PQ,,0
252_220kV,,,Gersteinwerk Block I,,generator,220,,SRID=4326;POINT(7.71270093431027 51.672663662233),7.712700934,51.67266366,,AC,,1,0,inf,PQ,,0
261_220kV,50,EnBW Transportnetze AG,380kV-Umspannwerk Pulverdingen,,substation,220,380000;220000;110000,SRID=4326;POINT(9.0454349679866 48.9029620137561),9.045434968,48.90296201,,AC,,1,0,inf,PQ,,0
263_220kV,,Vorarlberger Illwerke AG,Umspannwerk Bürs,,substation,220,380000;220000,SRID=4326;POINT(9.81091689214732 47.142645296653),9.810916892,47.1426453,,AC,,1,0,inf,PQ,,0
264_220kV,,EnBW,Umspannwerk Herbertingen,,substation,220,380000;220000;110000,SRID=4326;POINT(9.42551238607291 48.0643507981263),9.425512386,48.0643508,,AC,,1,0,inf,PQ,,0
267_220kV,50,RWE,Station Sankt Peter 220 kV,,substation,220,220000;110000,SRID=4326;POINT(6.8018236570969 51.1247880606241),6.801823657,51.12478806,,AC,,1,0,inf,PQ,,0
272_220kV,50,TenneT,Flensburg,FLEN,substation,220,380000;220000;110000;20000,SRID=4326;POINT(9.31819523638713 54.7160494089748),9.318195236,54.71604941,,AC,,1,0,inf,PQ,,0
279_220kV,50,50Hertz,Umspannwerk Röhrsdorf,ROE,substation,220,380000;220000;110000,SRID=4326;POINT(12.8139099116529 50.8579185114397),12.81390991,50.85791851,,AC,,1,0,inf,PQ,,0
281_220kV,,50Hertz,Umspannwerk Weida,,substation,220,380000;220000;110000,SRID=4326;POINT(12.0449825161601 50.7812567340735),12.04498252,50.78125673,,AC,,1,0,inf,PQ,,0
282_220kV,50,50Hertz Transmission,Eula,,substation,220,380000;220000;110000,SRID=4326;POINT(12.5182220968156 51.1570725850832),12.5182221,51.15707259,,AC,,1,0,inf,PQ,,0
292_220kV,50,50Hertz,Umspannwerk Förderstedt,MD 38,substation,220,220000;110000,SRID=4326;POINT(11.6441811001256 51.908512873438),11.6441811,51.90851287,,AC,,1,0,inf,PQ,,0
303_220kV,,,Umspannanlage Würgassen,,substation,220,380000;220000;110000,SRID=4326;POINT(9.38765125748855 51.640733525594),9.387651257,51.64073353,,AC,,1,0,inf,PQ,,0
307_220kV,,,380-kV-Umspannwerk Großgartach,,substation,220,380000;220000;110000,SRID=4326;POINT(9.15135394990856 49.1433834119236),9.15135395,49.14338341,,AC,,1,0,inf,PQ,,0
308_220kV,,,Grafenrheinfeld,GR,substation,220,380000,SRID=4326;POINT(10.1878339995516 49.981219040845),10.187834,49.98121904,,AC,,1,0,inf,PQ,,0
312_220kV,50,EnBW,Umspannwerk Goldshöfe,,substation,220,380000;220000;110000,SRID=4326;POINT(10.1174866946797 48.8971053361382),10.11748669,48.89710534,,AC,,1,0,inf,PQ,,0
315_220kV,50,Lech-Elektrizitätswerke,Umspannwerk Oberottmarshausen,173A,substation,220,380000;220000;110000,SRID=4326;POINT(10.8408695619217 48.2380310092335),10.84086956,48.23803101,,AC,,1,0,inf,PQ,,0
317_220kV,50,Austrian Power Grid AG,APG Umspannwerk Westtirol,,substation,220,380000;220000;110000,SRID=4326;POINT(10.8739357569814 47.2444239286028),10.87393576,47.24442393,,AC,,1,0,inf,PQ,,0
322_220kV,50,EnBW,220-kV-Umspannwerk Eichstetten,,substation,220,220000;110000,SRID=4326;POINT(7.75186249820802 48.0964057188536),7.751862498,48.09640572,,AC,,1,0,inf,PQ,,0
332_220kV,50,"TenneT TSO GmbH, E.ON Netz GmbH",Umspannwerk Pleinting,PT,substation,220,380000;220000;110000,SRID=4326;POINT(13.1034346393158 48.6667929606034),13.10343464,48.66679296,,AC,,1,0,inf,PQ,,0
334_220kV,,,Umspannwerk Redwitz,RED,substation,220,380000;110000,SRID=4326;POINT(11.193727795361 50.1622144406172),11.1937278,50.16221444,,AC,,1,0,inf,PQ,,0
336_220kV,50,TenneT TSO GmbH;E.ON Netz GmbH,Umspannwerk Mechlenreuth,MH,substation,220,380000;220000;110000,SRID=4326;POINT(11.8107025453557 50.1837655260691),11.81070255,50.18376553,,AC,,1,0,inf,PQ,,0
338_220kV,50,"TenneT TSO GmbH, E.ON Netz GmbH",Schwandorf,SD,substation,220,380000;220000;110000,SRID=4326;POINT(12.0822544456506 49.2974477669261),12.08225445,49.29744777,,AC,,1,0,inf,PQ,,0
351_220kV,50,,Ingolstadt,IN,substation,220,380000;220000;110000,SRID=4326;POINT(11.5077305510922 48.7611239877457),11.50773055,48.76112399,,AC,,1,0,inf,PQ,,0
353_220kV,50,,Irsching,IRS,substation,220,380000;220000;110000,SRID=4326;POINT(11.5813705216127 48.7648940508515),11.58137052,48.76489405,,AC,,1,0,inf,PQ,,0
360_220kV,50,,Umspannanlage Ensdorf,,substation,220,380000;220000;110000,SRID=4326;POINT(6.77320783777607 49.2910742103854),6.773207838,49.29107421,,AC,,1,0,inf,PQ,,0
362_220kV,50,,Laufenburg,,substation,220,380000;220000,SRID=4326;POINT(8.04936352422006 47.550881853478),8.049363524,47.55088185,,AC,,1,0,inf,PQ,,0
382_220kV,50,TenneT TSO GmbH,Umspannwerk Bergrheinfeld,BRF,substation,220,380000;220000;110000,SRID=4326;POINT(10.1602912689993 49.9891947837947),10.16029127,49.98919478,,AC,,1,0,inf,PQ,,0
384_220kV,50,TenneT TSO GmbH;E.ON Netz GmbH,Umspannwerk Raitersaich,RAI,substation,220,380000;220000;110000,SRID=4326;POINT(10.8431177989998 49.3786926858391),10.8431178,49.37869269,,AC,,1,0,inf,PQ,,0
385_220kV,50,TenneT TSO GmbH;E.ON Netz GmbH,Umspannwerk Aschaffenburg,AS,substation,220,380000;220000;110000,SRID=4326;POINT(9.09051754868887 49.9700413735997),9.090517549,49.97004137,,AC,,1,0,inf,PQ,,0
391_220kV,50,,Kraftwerkseinspeisung Staudinger,,substation,220,220000;110000,SRID=4326;POINT(8.95464412133747 50.0860157333265),8.954644121,50.08601573,,AC,,1,0,inf,PQ,,0
403_220kV,50,Amprion,Tiengen,,substation,220,380000;220000;110000,SRID=4326;POINT(8.25885994832776 47.6342116213731),8.258859948,47.63421162,,AC,,1,0,inf,PQ,,0
404_220kV,,,Betznau,,substation,220,380000;220000,SRID=4326;POINT(8.23209442033504 47.5561434831307),8.23209442,47.55614348,,AC,,1,0,inf,PQ,,0
413_220kV,50,EnBW,Umspannwerk Wiesloch,,substation,220,380000;220000;110000,SRID=4326;POINT(8.67371728898445 49.2904393851271),8.673717289,49.29043939,,AC,,1,0,inf,PQ,,0
421_220kV,50,,Umspannwerk Hüffenhardt,,substation,220,380000;220000;110000,SRID=4326;POINT(9.09183529743294 49.2946188662059),9.091835297,49.29461887,,AC,,1,0,inf,PQ,,0
450_220kV,50,RWE;DSW 21; AVU,Station Kruckel,,substation,220,380000;220000;110000,SRID=4326;POINT(7.41670791195847 51.4570521583476),7.416707912,51.45705216,,AC,,1,0,inf,PQ,,0
458_220kV,50,Amprion,Haarstrang Ost,,auxillary_T_node,220,220000,SRID=4326;POINT(7.41946378046051 51.4575100936229),7.41946378,51.45751009,,AC,,1,0,inf,PQ,,0
